Name,Price
,400
,3
,1
,1
,50
/,"1,5k"
(,16
(,16
,3
,10k
,10k
,10k
,10k
,1k
,1k
,1
",",5
,"1,3k"
,190
,"3,5k"
,100
,100
$,750.
,100
,20
,290
,20
,20
,25k
,5
.,4.4k
,4k
,15k
,15k
,7k
,7k
,50
,3k
",",2k
,2
,1
,2
,2
",",2k
,2
,250
,250
,1200
,120
,1.8
,59
,59
,59
,59
,1
,59
,59
,59
,59
,3
,59
,59
,...
,2
,30
,"1,1k"
,59
,59
,59
,59
",",12
,1
,150
,1.8
,2
,1
,1
,1
,1
,1
,1.8
,1
,1
,1
,1
,4
,4
,4
,4
,4
,2k
,59
,1
,31
,31
,59
,8
,1
,4
,4
,4
,59
,31
,2k
,7k
,31
,1
,1
,2k
,1k
,9k
,2
/,150
,300
,2
,500
,3
,300
,300
,300
,500
,500
,"1,5k"
,5400
,2
,2
,5k
,5k
,5k
,2
,5k
,300
,5k
,40k
,5k
,9k
,5k
,29
,5k
,40k
,2
,20k
,25k
,29
,4k
,1.8
,50
,2
,50
,50
,50
,29
,3
,3
",",50k
,2
,2
,3k
,10k
,9250.
,60k
,48
,3
,3
,9
,10k
,10
/,"1,5k"
,10
/,"1,5k"
,10k
,10
,10
,2
,10k
,10k
,1.8
,10k
,2
,10
,10k
-,3
,10
,10k
,10k
,10k
,10
,10k
,7k
,64
,1
,64
,64
,2
,10
,"1,1k"
,1.8
,10
,1000
,10
,1.8
,1
,1
,10
,1.8
,3k
",",1.9
",",1.9
,1
,80
,10
,1
,1
",",1.9
,1
,10
,10
,1
",",1.9
",",1.9
",",1.9
,5
",",1.9
,5
",",1.9
,5
,5
",",1.9
/,"1,5k"
,750
,5
,3k
,49
,10
,3k
,200
,12
,1
,20
,1k
,20
,20
,20
,20
,1
,1
,7
,280
,4
,9
,15
,37k
,37k
,37k
,20
,37k
,20
,"1,1k"
,3
,20
,4
,37k
,280
,300
,280
,280
,50
,4
,37k
,37k
,16k
,1
,1
,1
,1
,1
,20
,200
,2
,1
,1
,1
,1
,9
,"1,16"
,16k
,2
,300
,250
,32
,1
,1
,32
,2
,2
,"1,2k"
,"1,2k"
,7
,2
,1
,1
,1
,18k
,2
,2
,1
,1
,1
,150
,1
,3
,32
,3
,3
,3
,32
,3
,3
,4
,3
,1.8
,32
,32
,100
,11
,6
,4
,11
,4
/,2k
,4
,4
,2
/,2k
,4
,1
,7k
,6
,16k
,6
,6
,1
/,2k
,2
,2
,20
,2
,2
,19k
,150
,"1,1k"
,"1,1k"
,1
,5k
,5k
,1
,1.8
,31
,1
,3
,30
,2
,18k
,"1,2k"
,80
,120
/,1.8
,14k
/,1.8
,18k
,18k
/,1.8
,3k
,10K
,1.8
/,2k
/,2k
,3
,8
,3
,3
,3
,1.19
,300
/,2k
,120k
,120k
,120k
,120k
,8k
,8k
,2
,2
,2
,8k
,2
,2
,8k
,2
,8k
,2
,8k
,2
,8k
,2
,2
,8k
,2
,2
,8k
,2
,2
,8k
,2
,8k
,7
,8k
,8k
,8k
,8k
,8k
,8k
,8k
,2
,2
,8k
,1
,3
,1.8
,"1,5k"
,6
,6
,4
,10
,10
,2k
,50k
,50k
,4
,4
",","1,5k"
,2
,2
,2
,2
,1
,450
,50k
,3k
,5
,600K
,5
,600K
,50k
,1
,1
,280
,1
,280
/,1k
,4k
,300
,40
,40
,40
,9k
,5
,20k
/,1.5k
$,1
,50k
,"1,1k"
,280
,1.5k
.,79k
.,79k
,2
,50
,19k
,10k
,100
,100
-,50
,1k
,1k
-,50
,1k
,1k
,1k
,2
,50k
,50
,50k
,50
,4k
,4k
,4k
,30
,10
,2.700
,4
,2
,200
,200
,250
,1.8
,1000
,13
,200
,200
,1
,1
,1
,1
,1
,3k
,200
.,160k
,500
,37k
,37k
,1.2k
,200
,40
,200
,5k
,4
",",160k
,1
,1
,200
,1
,1
,1
.,160k
/,1.5k
/,.
,200
,50k
,45
,4k
,7
,220
,220
,100
,220
,300
,100
,220
,4k
,8k
,36k
,5k
,200
,5
,440
,3
,32
,"1,5k"
,20
,8
,8
,20
,20
,30
$,440
,30
,30
,30
,250
,5
,30
,400
,820
,400
,25
,200
,200
,64k
,8
,8
",",4
",",4
,"2,6k"
,1
,1
,3
,25
,64
,8
,45
,45
,"1,2k"
,"1,2k"
,2
,2
,8
,"1,1k"
,8
/,2k
,35
,35
,8k
,8k
,8k
,8k
,3
,3
,3
,13k
,18k
,18k
/,2k
,15k
,8k
,8k
,1
,6
,10
,1
/,2k
/,2k
,3
,7
,7
,7
,800
,50
,10
,10k
,1k
,1
,6
,8
,10
,8
,60
,200
,4
,4
,2
/,2k
,1
,8
,1
,1
,80
,21
,120
,100
/,2
,2
,7
,2
/,"1,8k"
/,"1,8k"
,2
,200
,"1,"
,"1,"
,"1,"
,1k
,4
,2k
,2
,2
,500
,4
,4
,27
,200
,22
,1
,1
,1
,1
,1
,3
,18
,18
,30
,3
,2
,300
,1
,1
,4
,2.5
,2.5
,3
,1
,100
,1
,3
,1900
,1900
,"1,5k"
,"1,5k"
,1900
,1
,1
,1
,1
,6
,40
,1
,1
,1
,14
,10
,14
,1
,1
,1
,9
,3
,2
,100
,2
,2k
,"1,1k"
,1
,31
,31
,31
:,"1.19,"
,31
,400
,1
,100
",",1k
,34
,50k
,1.5k
,14
,14
,440
,2
,11k
,100
,300
,1.5k
,32
,64
$,440
,2
,2
,1.5k
,100
,1k
,5
,29
,1.5k
,1.5k
,.
,1.4k
,4
,1.2k
,100
,440
,20
,20
,440
,20
,20
,37k
,4k
,3k
,3k
,3k
,7
,440
,1
,5
",","1,100"
",",7k
",",7k
,20
,500
,1.2k
,1.2k
",",7k
,50
,3
,1
,80
,200k
,100
,90
,90
,90
,150
,500
,500
,150
,200
,100k
,25K
,350
,7
,7
,2
,350
,11k
,30
,"1,2k"
,2
,4
,4
,10
,15
,1k
,4
,"1,1k"
,2
,1k
,2
,20
,5
,7
,1k
,7
,125k
?,....
,300
,300
,300
,2.5k
,200
/,"2,5k"
/,2k
,2
,1.2k
?,1
,..k
,20k
,20k
,9
,2k
,20
,20k
,"1,19,"
,20k
,16k
,950
,6k
,8
,6k
,6k
,10
,10
,10
,3
,10
,10
,1k
,3
,7k
,3
,41
,7k
,2k
,1
,300
,44
/,"1,8k"
,3
,2
,50
,44
,15
,3.000
,3.000
,150
,20
,3.000
,1.8
,2k
",",2k
,"1,5k"
,1.1k
,3k
,1k
,400
,400
,37k
,2.1k
,37k
,2.1k
,37k
,2.1k
,1.9k
,1.5k
,1.5k
,1.4k
,1.1k
,1k
,1k
,1k
,1k
,1k
,4
/,2k
,1k
,10
,10
,3
,1.1k
,10
.,100k
,4.6k
,4.5k
,7
,4.5k
,10
-,3
,4
,7
,9
,2
,1
,17k
,4
,2
,15k
,4
,20
,6k
,10k
,2
,50
,36
,1k
,15k
,2
/,2
,3
,3
,1300
,15k
,10k
,1300
,50
,7
,1k
.,2k
,2
,6
,"600,"
,7
,5k
,10
",",1200
,31
,31
,5k
/,1.5k
/,2k
,2
,3.
,6k
,10k
,6k
,40
,20k
,1.19
,2
(,3
,7
(,3
(,3
,20k
",",1
,30k
,2
,24
,1k
,1k
,1k
,1k
,64
,3
,2
,3
,.
,3
,1
,.
,3
,"1,5k"
,2k
,3
,7
,7k
,7k
,1.8
,100
,2
.,3
,16
,4k
,600
,45
,200k
,30
,30
,60
,600
,10
,10
,4k
,800
,15k
/,2k
,12k
/,2k
,800
,5
,1
,1
,1k
,1k
,1k
,500
,2
,800
,1k
,2
,3
,2
,3
.,3
.,3
,650k
/,2k
/,2k
,650k
,70
,3k
,3k
/,2k
,30
/,2k
,37k
,10
,70
,3
,10
,37k
,2
,2
",","1.19,"
,6k
,6k
,3
,3
,3
,3
,1
,11
,35k
,60
/,80k
/,80k
/,80k
",","1.19,"
,5
,10k
/,80k
,10k
,10k
,2
,700
",","1.19,"
/,80k
,2
=,15k
,1
,2
,2.5k
/,80k
,2
,2
,100k
,100k
,100k
,100k
,100k
,2
,500
,150
,2
,400
,2
/,80k
,500
,1
,4
,4
,"2,5k"
,24
,24
",",1
,24
,3
/,80k
,19
,19
,2
/,80k
,2
,750
,3
,3
,17
,17
,17
,5k
,100
,17
,1
,12
,35
,1.5k
,4
,16
,16
,16
/,80k
,1
/,80k
/,80k
,5
,1
,4
,150
,3
,200
,74
,74
,32
,35
,650
,1
/,1
/,1
,10
",",1k
/,1
/,1
,3
,3
,1k
/,1
/,1
/,2.5k
/,2.5k
,2
/,2k
/,2k
/,2k
/,2k
,600
,800
,800
,2
,250
,200
,200
,200
,180
,180
(,"4,"
,80
(,"4,"
(,"4,"
,80
(,"4,"
(,"4,"
,180
,15k
,7k
,2
,7k
,"3,5k"
,600
,600
,500
,"2,"
,30
,"2,"
,3
,"2,"
,"2,"
,80
,1
,1.7k
,500
,"4,5k"
,80
,"2,"
,"2,"
,"2,"
,7
,300
,1
,"2,"
,7
,1k
,7
,"4,5k"
,7
,500
,6.5k
,2
,5
,400
,5
,5
,6.5k
,2
,1
,1
,6.5k
,850
,850
,7
,"3,6k"
,7k
,6.5k
,29k
,55
,29k
,45
,800
,800
,29k
,2
,"6,5k"
(,3
(,3
,10
(,3
,200
,250
,1
,1
,"2,"
,1
,1
,225
,225
,210
/,"1,5k"
(,3
,2
,2
",","1.19,"
,10
(,3
,2
,1
,210
",",2k
,9k
,"8,5k"
,40
,2
,2
,5
,"8,5k"
,"8,5k"
,"8,5k"
,60k
,61
,55k
,900
,900
,850
,850
,850
,850
,800
,800
,750
,750
,750
,9k
,9k
,750
,700
,700
,9k
,9k
,700
,3
,2
,1k
,3
,14
.,10k
,"1,5k"
,3
,4k
/,1
/,"1,8k"
,1
,1
/,1
",",19k
,5
,2
,2
,7
,7
/,1
,2
,7k
,14
,7k
,4k
,1
,13
,20
,20
,20
,14
,7
,1
,7
,30
,7
,7
,7
,1
,7
,1
,7
,7
,7
,7
,1
,1
,7
,7
,7
,7
,1
,2
,7
,7
,8k
,2
,7
,7
,100
,6500
,6500
,6500
,8k
,6500
,100
/,"1,8k"
,6500
,100
,64
,2
/,2500
/,2500
,6500
,16
,16
,6500
,8k
,8k
,6500
,16
,16
,21k
,2k
,21k
,6500
,21k
,21k
,7
/,2k
,7
,18k
,100
,16
,7
,8k
,8k
,7
,8k
,1.2k
,8k
,1
,8k
,8k
,7
,7
,7
,7
,1
,8k
,4k
,3
,7
,3
,7
,3
,21
,5k
,4k
,39k
,100
,4k
,2
,100
,100
,2
,100
,2
,1
/,2k
,1k
,2
,2
,3
,1k
,1k
,100
,2k
,400
,35
,800
,35
,2
,200
,35
,35
,35
,2
,4
,100
,2
,2
,3
,3
,3
,3
,100
,3
,3
,16
,3
,16
,100
,3
,2
,3
,3
,7
,3
,3
,7
,6
/,2k
,5
,21k
,21k
,440
,20k
,1
,1
,50
,50
,5
,50
,50
,2
,2
,50
,400
,5
,50
,2
,3
,65k
,400
,3
,3
,300
,3k
,1
,1
,1
,1
,2
,1
,50
,6k
,6k
,6k
,6k
,6k
,6k
,6k
,6k
,50
,6k
,6k
,6k
,2
,6k
,2
,1k
,6k
.,10k
,1
,6k
,1
,1
,1
,1.8
,30
,2
,65k
,6k
,6k
,1
,6k
=,50
,440
,440
,3
,440
,800
,2
,6k
,440
,800
:,1
:,1
",",2
,440
,440
,6k
,440
,6k
.,1
",",2
,6k
",",2
,440
,10
.,440
,120
,150
,120
,6k
,7
,125
.,440
,120
,7
,7
,10k
",",2
",",2
,440
",",2
,3
,3
,440
,3
,3
,3
,7
,7
,5k
,5k
",",13
",",2
,5k
,"6,5k"
,5k
",",2
,5k
,7
,500
&,1
,7
",",13
,6
,7
,440
,440
,14
",",13
,7
,60k
,7
,60k
",",2
,60k
,40k
,440
,7
,60k
,440
,1
,1
,1
,1
,5
,5
,5
,440
,2
,5
,3k
,3k
,2
,60k
,55k
,11
,2
,"1,5k"
,55k
,"1,5k"
,55k
,150k
,55k
,130
,3
,5k
,55k
,1.8
,50k
,1
,300
,1.9.2
,10k
,5
,10k
,7
,7
,1
,1
,9k
,4
,12k
,80
,250
,"1,1k"
,250
,6k
,35
,39k
,5
,440
,3
",",3
,1
,18k
,4
,6
,39k
,6k
,25
,20
",",3
,1
,10k
,400
,2
,8.5k
,8.5k
,8k
,8k
,8k
,3
,80
,80
,3
,2k
,2
,3
,3
,3
,3
,3
,3
,3
,6k
,3
,3
,2
,6k
,2
,27k
,1
,1k
,26k
,1
,1
,1
,1
,1
,3
,2
,"2,7k"
,440
,"2,7k"
,"2,7k"
,"2,7k"
,"2,7k"
,"2,7k"
-,3
,"2,7k"
,1k
-,3
,1k
,1k
,1k
,1k
,1k
,1k
,1k
,3
,100k
,20k
,440
,"1,5k"
,5k
,440
,8k
,8k
,3
,1
,25k
,7.5k
,6
,3
,3
=,80
,7.5k
,7.5k
,3
,7.5k
,25k
,3
,3
,3
,3
,31
,30
,7.5k
,440
,7.5k
,3
,7.5k
,20
/,1.5k
",",1
,3
,1.2k
,1.2k
,1
?,15
",",3
,7.5k
",",1
,7.5k
,7.5k
",",1
,15
,7.5k
,10
,36
,36
,40
,7.5k
,7.5k
,40
,25k
,40
,40
,2k
,7.5k
,7.5k
,5k
,8k
,2k
,3
,1
,5k
,7.5k
,2
,7
,7
,7
,7.5k
,1
,2
,3
,8k
,8k
,500.
,8k
/,100k
,8k
,1
,1
,440
,8k
,7.5k
,5
,7.5k
,8k
,500
,8k
/,1.8
,1
,8k
,20k
,8k
/,1.8
,1k
,20
,7.5k
,7.5k
,7.6k
,7.6k
,5
,1k
,5k
,1k
,7
,64
$,3
,440
,440
,2
,2
,440
,3
,1k
,1k
,1k
,1k
,1k
,"3,5k"
,"3,5k"
,4
,440
,2
,7
,440
,2
,2
,250
,2
,3
,1k
,440
,2
,1K
,1K
,10k
,1K
,440
,1K
,500
,1K
,1K
,2
,2
,2
,2
+,15k
,2
/,2k
+,15k
/,2k
+,15k
,440
,"1,1k"
,440
,2
,2
,1
,1
,1K
,1K
,20
,1
,1
,1
,1k
,"2,2K"
,"2,2K"
,"2,2K"
,"2,2K"
,"2,2K"
,"2,2K"
,7
,"2,2K"
,2
,4
,"2,2K"
,3
,"2,2K"
,"2,2K"
,"2,1K"
/,"1,5k"
,"1,1k"
,"2,1K"
,"2,1K"
,2K
,2K
,4
,1
,1k
,"3,1K"
,"3,1K"
,"3,1K"
,"3,1K"
,"3,1K"
,3k
,3k
,3k
,3k
,1
,1
,6
,700
,2
,3
,"1,1k"
,2
,2
,1
,3
,3
,3K
,3K
",",2k
,45k
,7
,3
,3
,"1,050"
+,10k
,45k
,1
,2
,2
,3
,2
,8
,1
,8
,2
,1k
,1k
,7
,2
,1k
,"1,055"
,18k
,7k
,"4,6k"
,"4,6k"
,7k
,1k
,7k
,1
,12k
,120k
,12k
,3
,120k
,120k
,120k
,115k
,12k
,115k
,1
,115k
,1
,12k
,3
,115k
,440
,3
,115k
,115k
,50k
,50k
,2
,50k
,2
,3k
,2
,400
,2
,50k
,7
,"1,1k"
,"1,1k"
,2
,7
,7
,7
,7
,2k
,1k
,7
,"1,5k"
,7
,500k
,10
,10
,10
,10
,2
,2
,950
,950
,3
,3k
,600
,600
,1k
,700
,","
,10
,55
,10
,10
,"1,19"
-,1.8
,1.19
/,2k
,1
/,1.5k
,3
",",1
",",1
/,1.5k
,36k
,2.5k
,400
,220
",",1
:,"1.19,"
,2.5k
,500
/,1k
,80
,400
",",1
,80
",",1
,400
",",80
,2.5k
",",1
,600
",",80
",",1.2
,","
",",1.2
,2.5k
",",1.2
",",1.2
,400
,3
,400
,36k
,"1,19"
,1.2k
",",1.2
,220
,3
",",1.2
,3
,220
",",1.2
,"1,19"
,"1,19"
,10
,"1,19"
,5
,10
,220
,2500
,36k
,"1,19"
/,"1,5k"
,"1,5k"
-,4K
,36k
-,4K
-,4K
,220
,1K
,1K
,4k
,1K
,1K
,1K
,1K
,1K
,"1,19"
,1K
",",1.2
-,4K
,60k
,1
,220
,36k
,220
,220
,7
,900
,900
,900
,10k
,6k
,4.800
,1
,28
,60
,4.800
,60
,4.800
,4.800
,60
,4.800
,5
,5
,"3,5K"
,"3,5K"
,"3,5K"
,1
,"3,5K"
,120k
,"3,5K"
,1
,2K
,1
,1
,18k
,4k
,220
,220
,"6,5k"
,8
,1
,1
,1
,1
,14
,1
,3
,3
,3
,3
,220
,50k
,220
,50k
,5k
",",1.2
,6k
,50k
,50k
",",1.2
",",1.2
,60
,50k
,60
.,1
,60
,17k
,45k
,220
,45k
,220
,45k
",",1.2
,200
,3
,3
,3
,8
,5
",",1.2
,12
",",1.2
,1
,2
,70
,70
,5
",",1.2
",",1.2
,1
,1
+,3
,3
+,3
",",1.2
,1k
+,3
,2
,2
+,1
,2
,150
+,1
+,1
,1k
,1k
,1k
+,1
,3
,3
,1k
,2k
",",1.2
,1
,2k
,64
",",1.2
,50
,3k
,3k
,3k
,3k
,3k
,3k
,3k
,8
,3k
,8
,8
,8
,3k
,8
,3k
,3k
,1
,2
",",1.2
,30
,30
,30
.,1.19
.,1.19
-,1k
.,1.19
,7
,7
,7
,"3,5K"
,"3,5K"
,"3,5K"
,7
,"3,5K"
,1k
,1
,1k
,"3,5K"
,"3,5K"
,"3,5K"
-,1k
,7
,5
-,15k
,7
,3
,3
",",1.2
,3
,1k
,1k
,1k
,1k
,7
,1k
,1k
,1k
,1
,7
,150
,3
,3
,10
,3
,3
-,15k
,450
,2
,2
,2
-,15k
,1K
,1
,1K
,100
,1K
-,15k
,7
,7
,2
-,15k
,7
,4
-,15k
,7
,7
.,1.8
,7
,7
,1K
,3
,3
,3
,3
,3
,100
,100
,"1,1k"
,"1,1k"
-,15k
-,15k
,125k
,"1,1k"
,130k
,"1,1k"
,20
-,15k
,5
,2
,10
,20
-,15k
,6
/,2k
,4.
",",1
,4.
,1
",",1
-,15k
,1
,1
-,15k
,1
,1
,1
,50k
,1
/,100k
/,100k
/,100k
,60
,100
,1.19
,1.19
.,1.8
,1
,1.19
,1.19
,1.19
,7
-,15k
.,1.8
,7
,6k
,6k
,11k
,10k
,11k
,1
.,1.8
,1
,1.16
,100
,100
,1
,1.16
.,1.8
-,1k
,1.16
,7
,30
,7
,"1,19"
-,1k
,1.16
,3
,3
,1.16
.,1.8
,1.16
,2
,1.16
-,1k
,7k
,7k
-,1k
,1.5k
,10
,1
,7k
,1
,7k
,60
,1.5k
,1
,1.5k
,80
,1.5k
,625
,7
,30
,2
,2
,7
,1.5k
,30
,30
,250
,1.5k
,10k
,30
,10k
,1.5k
,10k
,10k
,7
,7
,7
,200
,200
,190
,7
,1
,1K
,1K
,1K
,1K
,7
,1
,7k
,27
,50
,50
,50
,3
,3
,3
,3
,3
,3
,3
,3
,3
,3
,64
,3
,64
,64
,64
,64
,64
,"1,19"
,30
;,500
;,500
,2
,2
,15k
,12k
,7
,12k
",",1k
,110K
,7
,7
,14
,10
,30
,30
,64
,64
,64
,400
,12k
,4
,4
/,"1,5k"
,250k
,2
,2k
,400
,2k
,400
,2k
,35k
,2k
,2k
?,32
,185k
,40k
,20k
,20k
,3
,1.19
,20k
",",","
,7
,7
,"2,2k"
,7
,1.19
,19
,1.5k
,1
,4
,1.5k
/,3k
/,1.999k
/,1.999k
=,140
/,2k
,7
,1
,1k
,1k
,1k
,1k
,100
,100
.,1.8
.,1.8
,350
,350
,350
,2
,400
,400
,400
,400
,32
,400
,400
,400
,350
,350
,300
,250
,250
,250
,200
,200
,100
,100
,50
,25
,10
,9
,4
,7
,1.5k
,"1.16,"
,400
,2
,2
,1
/,2k
/,1700
/,1700
,"1.16,"
/,1700
,8
,1
,"1.16,"
,60
,1.5k
,7
",",7
,15k
,"1.16,"
,"1,5"
,1
,"1.16,"
,399
,47
,397
,30k
,397
,1
,4
,2k
,4k
,5
,10
,"1.16,"
.,"1,8"
.,"1,8"
,20k
,1
,5
.,"1,8"
,5k
,1
,3
,10
,3
,500
,"1.16,"
,50k
,80
,1
,50k
,5
,2
,17k
,2
,50k
,15k
?,8k
,3
,50k
,90k
,60
,3
,1.8
,2
,1.5k
,64
,1.8
,64
,4k
,3
,50k
,2
,2
,4k
,1
,3
,2
,"2,9k"
,1
/,1.8
,1
,1
,1
,1k
,1k
,500
,50k
,20k
,20k
,20k
,4
,64
,45k
,1
,4k
,4k
,7
,350
,350
,200
,5k
,14
,7
,3k
,4k
,1.5k
,3
,3
,1.5k
,1
,240
,2
,7
,1
,10
,1
,6
,8
,12
,6
,12
,12
,2
,970k
,6
,970k
,15k
,15k
,14k
,970k
,970k
,970k
,970k
,970k
,"11,5k"
/,"1,5k"
,"1,5k"
,"11,5k"
,"11,5k"
,"11,5k"
,800
,800
,800
,3
,10
,150k
,60k
,150k
,5
,5
,5
,2500
,7
,2500
,7
,12k
,7
,12k
,970k
,970k
,970k
,2
,2
,970k
,20
,2
,970k
,970k
,1
,970k
,970k
,20
,970k
,1
,20
,970k
,970k
,970k
,56
,56
,1
,1
,1.
,50
,7
,10
,2
,8k
,8k
,2
,8k
,2
,7
,8k
,8k
,7
,49
,8k
,8k
,8k
,50
,5k
,50
,1k
.,30k
,5k
,5k
,5k
,5k
,5k
,5k
,5k
,4k
,8k
,8k
,8k
,8k
,"14,5k"
,"14,5k"
,15k
,"13,5k"
,"13,5k"
,15k
,17
,14
,17
,17
,450
,60k
,"1,3k"
,14
,475
,475
,"1,1k"
,475
,1.8
,800
,5
,14
,10
,100
,14
,15
,1
,1.
,1.
,1.
,20
,22
,45k
,3k
,3k
.,3
.,15k
,1.
$,11
,1
,1
,30
-,"1,8"
-,"1,8k"
-,"1,8k"
,"1,9K"
,"1,9K"
,3
,1.
/,40k
,150k
/,40k
,1.
,5
,40k
,60
,25
,25k
,1.
,1
,60
,60
,60
,6k
,6k
,6k
,60
,60
,60
,60
,60
,60
,50k
,50k
,50k
,120k
!,2
,2
,2
,2
,2
,2
,"1,6k"
,2
,2
,2
,2
,1
,5
,15k
,15k
,3
,3
,1
,"1,5k"
,"1,5"
,7
,1
,5
,5
,1
,2
,130k
/,970k
/,970k
,130k
,13k
,1k
,13k
,700
,13k
,10
,13k
,1
,13k
,2
,4
,13
,4
,10
,45k
,1
,30
,4
,4
,15k
,10
,4
,1k
,3k
,4
,1
,1
,"2,4k"
,"2,4k"
,10k
,20
,4
,14
,10k
,1k
,4
,1
,1
,1k
,5
,"1,8k"
,5
,1
,4k
,10
",",1k
,1
,2k
,20k
,2k
,2
,1
,1
,1
,27
",",1k
,15
,4
,15
,1
,1
,1
,10
,1
,200
,1
,2
,1
,2
,61
,13
,2
,"8,9k"
,1
,1
,1
,2
,1
,1
,1
,"1,2k"
$,3.
,1
$,3.
,12k
,15
,12k
,15
,15
,15
,15
,15
,15
,5k
,15
,10
,5k
",",14
,5k
",",14
,8
-,300
,9
,9
,9
,9
,20k
,500
,20k
,20k
,14
,3k
,"3,5k"
,1.4k
,"3,5k"
,210.
,"3,5k"
+,5
,29
,50k
,1
.,15k
,64
,64
,64
,850
+,5
,43
,1k
,1k
,16k
,1
,2k
,1k
,1
,10000
,3
,3
,300
,1
,3
,3
,3
,2k
,3
,1k
,12
.,1.8
,1.19
,45k
,1
?,3
?,3
,2k
,2k
,2
,1
,3k
,2
,1
,1.9
,3
,"1,3k"
,3
,3
,3k
-,7
-,7
-,7
-,7
-,7
,8
,4k
,39
,16
,1k
,1k
,1k
,1k
,1k
,1k
,1k
,1k
,1k
,1k
,1k
,"1,3k"
,1k
,50
,"1,2k"
,27k
,27k
,2
,1k
,25k
,25k
,20k
,1
,1
,"1,1K"
,"1,1K"
,"1,1K"
,"1,1K"
,20k
,1
,"1,1K"
,1
,"1,1K"
,"1,1K"
,"1,1K"
,3
,3
,3
,"1,5"
,100
,"1,5k"
,"1,5k"
,"1,5k"
,"1,5k"
,10k
,"1,5k"
,10k
,"1,5k"
,10
,"1,5k"
,10k
,"1,5k"
,10k
,1
,23
,"1,5k"
,1
,200
",",500
,10k
,60
,14
,"1,5k"
,60
,14
,43
,60
,8
,43
,80
,4
,000
,"1,5k"
,7
,14
,170k
,"1,5k"
,170k
,8
,"1,5k"
,4k
+,17k
,4k
,13
,30k
,"1,5k"
,30k
,"1,5k"
,"1,5k"
,"1,5k"
,4
,"1,5k"
,30k
,"1,5k"
,61
,"1,5k"
,30k
,"1,5k"
,3
,"1,5k"
,7k
,16
,4
,60
,3
,90
,95k
,125
,65
,95k
,1
,12
,4k
,60
,1
,1
,4k
,12
,3k
,12
,12
,12
,3
,3
,200
,200
,"1,3k"
,70
,2
,13
,37
,1k
,20
,1
,1
,200
,3
,10k
,3k
,3k
,3k
,2k
,80
,60
/,1900
,300k
/,1900
,4
,4
,3
/,1950
/,1950
,500
,5
,3
,3
,500
,1
,10k
,10k
,120
,100
,10k
,5k
,3
,4k
,32
,4k
,4k
,4
,1
,400
,1
/,2K
/,3k
/,2k
,32
,50000k
,1
,400
,27k
,3
,7
,7
,60
,3k
,3k
,60
,300
,300
,1
,300
,60
,1
,1
,32
,1
,32
,1
,"1,2k"
,32
,1
,32
,1
,1
,1
,1
,1
.,55k
,1
,1
,1
,1
.,55k
,60
,3
,1
,1
,60
,1
.,55k
,100
,100
.,55k
,1k
.,55k
.,55k
,20
,30k
,30k
,30k
,2k
,2k
,2k
,100
,3k
,.
,2k
,2k
,60
,2k
,2k
,2k
,2k
.,50k
,300
.,50k
,300
,200
,300
,300
,300
,300
,300
,300
/,5
,300
,300
,300
,300
,60
,300
,300
,300
,300
,300
,300
,300
,300
,50
.,50k
,100000
,10k
,150
,1.8
,10k
,10
.,50k
.,50k
.,50k
.,50k
,15
,7
,900
,1
,2
,3k
,3k
,14
,1
,3
,3
,9k
,50
,40
,250k
,1
,1
,1
,1
,1
,150
,1
,40
/,2k
,1
,1
,2k
,5k
,3k
,1
,2600
,2600
,2600
,2590
,2589
,2588
,2587
,1
,4k
,5k
,2600
,18
,1250
,2600
,2600
,1250
,2500
,2500
,1250
,1250
,2
,10k
,"1,2k"
,4
,1k
,1
,1k
,2
,2
,1k
,20
,4
,20
,20
,20
,2
,20
,4k
,4
,20
,2500k
,2
,20
,2
,3
,20
,11
,3
,1k
,20
,1.8k
,20
,20
,20
,20
,1300
,1300
,1300
,1300
,3
,3
,30
,3
,3400
,3400
,1k
,3
,1.19
,3
,150
,3400
,3400
,3300
,100
,20
,3
,20
,3
,20
,3
,"1,1k"
,2k
,"1,1k"
,3.2k
,100
,"1,1k"
,3.2k
,3.2k
,5k
,16
,"1,1k"
,3.2k
,3
,4
,"1,5k"
,3
,"1,1k"
,3
,3
,10
,10
,1
,10
,"1,1k"
,20
,10
,16
,16
,10
,1
,10
,3
,3
,1
,50
,"1,1k"
,10
,4
,10
,20
,4
,3
,20
,3
,4
,3
,3
,4k
,12
,"1,1k"
,10
,"1,1k"
,10
,"1,1k"
,10
,"1,1k"
,"1,1k"
,4k
,"1,1k"
,10
,"1,1k"
,1k
,5
,2
,500
,100
,3
,3
,1k
,6k
,6k
,2
,1.8
,4k
,5
,6k
,6k
,"1,1k"
,12
,4
,4
,"1,1k"
,"1,1k"
,1.8
,"1,1k"
,5
,5
,1.8
,1.19
,1.8
,1.19
,5
,1k
,"1,1k"
,3k
,3
,1.19
,"1,19"
,7
,600
,600
,4
,4
,17
,"1,1k"
,"1,1k"
,50k
,300
,"1,1k"
,500
,"1,1k"
,"1,1k"
,"1,2k"
,"1,2k"
,"1,1k"
,20
,2k
,20
,4
,20
,20
,"1,1k"
,10
,20
,3
,30
,1
,20
,3
,20
,30
,64
,20
,99
,20
,20
,"1,1k"
,20
,20
,20
,20
,20
,20
,20
,20
,3
,15
,90
,15
,15
,2
,"1,1k"
,3k
,2
,"1,1k"
,10
,3
,2
,1
,15
",",1k
,15
",",1k
,150
,15
,500
,500
,500.
,"1,1k"
,15
-,50
,100
,23k
,7
,23k
,"1,1k"
,900
,900
,900
,900
,10
,"1,1k"
,15
,"1,1k"
,2
,2
,2
,2
,15k
,2
,3
,2
,2
,2
,"1,1k"
,"1,1k"
,"1,1k"
,"1,1k"
,40
,"1,19"
-,11
-,11
,1
,5
,1
,3
,3
,3
,1k
,3
,2
,300
",",1.16
,15
",",1.16
,"1,1k"
",",1.16
,"1,1k"
",",1.16
",",1.16
,"1,1k"
",",1.16
,"1,1k"
",",1.16
",",1.16
,"1,1k"
,1200
,"1,1k"
+,"4,3k"
+,4k
",",1.16
+,4k
,"1,8k"
,"1,3"
,1k
,"1,1k"
,432
,1.15k
",",1.16
,15
",",1.16
,2
,30
,1
,432
",",1.16
,1
.,1
",",1.16
,"1,1k"
,100
,"1,1k"
",",1.16
",",1.16
,15
,"1,1k"
,1.16
,1
,1.16
,1
,"1,1k"
,1.16
,15
,1.16
,15
,1.16
?,6k
,1.16
,550
,1.16
,"1,1k"
",",1.16
,50k
,"1,1k"
,3
,100
,"1,1k"
,"1,1k"
,"1,1k"
,10
,"1,1k"
,"1,1k"
,1
/,5
,50
,5
,"1,1k"
,100
,50
,5
,4
,50
,4
,4
/,2K
,2
,50
,4
,4
,4
,50
,5
,5
,2
,"1,1k"
,"1,1k"
,5
,"1,1k"
",",1.16
",",1.16
,2
,2
",",1.16
,10
",",1.16
,10
,10
",",1.16
,10
,3
,3
",",1.16
",",1.16
",",1.16
",",1.16
,240
",",1.16
",",1.16
",",1.16
,1
,1
",",1.16
",",1.16
",",1.16
,3
,11k
/,1k
,11k
/,1k
/,1k
,1
,30
",",1.16
,"1,1k"
,26
,"1,1k"
,26
,45k
",",1.16
,3
,3
,"1,1k"
",",1.16
,"1,1k"
,"1,1k"
",",1.16
",",1.16
",",1.16
,"1,3k"
",",1.16
",",1.16
,29
,"1,1k"
",",1.16
,8908
,3
,16
/,2k
/,2k
,1
/,2k
,4
,4
,10
,10
,2
/,1.5k
-,200k
-,200k
-,200k
-,200k
,4
,"1,1k"
,"1,1k"
,"1,1k"
,"1,1k"
,"1,1k"
,"1,1k"
,"1,1k"
,"1,1k"
,"1,1k"
,"1,1k"
,"1,1k"
,"1,1k"
,"1,1k"
,"1,1k"
,"1,1k"
,"1,1k"
,1k
,2
,2
,2
,2
,2
,4
,2
,1
,"1,1k"
,"1,1k"
,980
/,2k
,3
,3
,500
,500
,2
,1
",",1.16
",",1.16
,500
",",1.16
,500
,500
,500
,12k
,12k
,12k
,1
,150
",",1.16
,150
,12k
",",1.16
,12k
,2
,2
",",1.16
,2
,2
,"1,5k"
,1
,400
",",1.16
,500
,500
,500
,500
,750
,750
,750
,2322
,750
,750
,750
,750
,750
,750
,"1,5k"
,3
,1
,1
,150
,10
,1
,1
,4
,4
/,2k
,1
,4
/,2K
,4
,250k
,250k
,6
,250k
,250k
,8
,100
,5
,3k
,3k
,1500
,45
,1k
,900
,1
,1
,900
,100
-,"7,5k"
,40k
,40k
,40k
,40k
,40k
,40k
,40k
,40k
,40k
,2
,2
,40k
+,3k
,40k
,250
,25
,10
,10
,20
,34
,1
,85
,50
/,2k
+,3k
,3
,5
/,2k
,1
,3
,3
,3
,4
,3
,3
,2
,3
,1
.,1
,2.5k
-,...
,100
,3
,3
,3
,3
,1
-,...
,3
,15
,1
,"1,5k"
,2.5k
,1
,5k
",",3
",",3
,2
,100
,100
,100
",",3
,2
,2
",",3
,100
,2.5k
,2
,2
,5
,5
,5
,8
,5
,1
,10
,5
,2
,20
,9
,9
$,5
,2100
,70
,70
,150
,70
,70
,70
,3
,3
,3
,70
,60
,70
,1
,2
,70
,150
,6
,70
/,1.8
,70
,70
,70
,10
,1k
,1k
,4
,150
,1
,1k
,1
,1k
,1k
,1k
,1
,2k
,150
,20k
$,","
,10
,240k
,9
",","3,5K"
",","3,5K"
,240k
,240k
,240k
.,60k
,1
,240k
,1
&,160
,240k
,3
,2
,2
,240k
,"3,1k"
,"3,1k"
,10
,"3,1k"
,240k
,"3,2k"
,4
,240k
,1
,1
,2
,2
,1
,9
,1
,2
,9
,9
,2
,2
,7
,5k
,8k
,2
,4
,1
,3
,1150
,1150
,10
,7
.,60k
,1
,2
,2
,1.5k
",",3
,500
,1
,64
,1
,5
,64
,28
,28
,2
/,1
,64
,2
,64
,64
,1k
,3
.,2k
,8
/,2
/,1.8k
,8
/,1.5k
/,"1,5k"
,9
,7k
,7k
/,22
/,2
/,2
,1.5k
,6.5k
,6.5k
,6.5k
,1
,1
,1
,1
,1
,1
,1
,1
,1
,9
.,60k
,1
,1
,9
,"1,2k"
,600
,1
.,600
.,600
.,600
/,"1,8k"
",",3.
,4
,2
/,1.8
,2
,5
,180k
,180k
,1
,3
,180k
,1150
,1150
,180k
,180k
,180k
,180k
,10
,10
,5
,4
,1k
,1.19
,200
,1k
,1
,100
,100
,100
,15
,15
,2300
,30
,100
?,1
,100k
,5k
,4
,1250
,1250
,1000
,15
,5k
,5k
,5k
,5k
,3k
,5k
,9k
,"5,7k"
,1
,1
,1
,1
,1
,5
,4
,4
,1
,1
,1
,1
,1250
,14
,1
,1
,1
,1
,1
,1
,1
,1
,1
,1
,1
,500
,1k
,2
,4k
,27
,18
,50
,2
,3k
,1
,1
,1
,1
,500
,40k
,1
,40k
,40k
,2
,40k
,2
,40k
,40k
,40k
,21
,1.16
,500
,2
,16k
,6k
,10k
,10k
,2
,10k
,10k
,2
,2
/,2
,4
/,2
,2
,2
,10k
,2
,2
,2
,2
,2
,10k
,900
,10k
,2
/,2k
,10k
,2
,1
,1
,1
,1.19
,10k
,5k
,20
,1.19
,15
,15
,15
,15
,15
,15
,20
,3k
,10
,10
,20
,3
,3k
,1k
,15
,15
,15
,15
,15
,1.19
,15
,2
,10
,3k
,2
,3k
,35k
",",2
/,2k
,40k
,40k
,35k
,50
,40k
,2
,40k
,40k
,2
,2
,2
,200k
,3
,3
,1
,1.19
,3
,14
/,2k
/,"1,7k"
,3
,1.19
/,"1,7k"
,1.19
,1200
,2
,2
,2500
,1.19
,2
,10
,2
,1.19
,2
,2
,1.19
,2
,14
,2
,14
,2
,2
,"4,5k"
,1k
,"4,5k"
,1.19
,14
,8k
,8k
",","1.16,"
/,1k
,1k
,2
,35k
/,"1,5k"
,260K
,1.19
,1
,2
,1
,1k
,1.19
,3
,2
,3
,1
,1
,1
,1
,1
,1
,1
,1
,1k
,1
,1.8
,1
,1
,1.19
,1
,1
,1
,2
,500
,15
,50
,50
,1
,","
,20
/,1k
,2
,2
,2
,5
,3
/,2
,2
,2
,10k
,2
,36
,2
,3
,50
,2
,3
,2
,45
,1
,3
,....
,200
,"2,5k"
,2
,3
,3
,"4,5k"
,"4,5k"
,"4,5k"
,4k
.,1.19
,16
,1.1k
,60
,1.15k
,65k
,65k
",",3
,3
,65k
,65k
,5
,3
,65k
,65k
,3
,3
,3
,13k
",",3.
.,1.19
",",3.
,1
,175k
,1
,2
,6
,11
,30
,40k
,38k
/,1k
,30k
,38k
,30k
,38k
,38k
,38k
,3
,3
,60
,38k
,20k
,20k
,60
,20k
,38k
,36k
,36k
,10k
,2
,3.k
,1k
,1500
,650
,1k
,1500
,1k
,1500
,1k
,50
,50
,3
",",","
,5
,1
,1
,2
/,1k
,14k
,1
,1
,"1,1"
,"1,1"
,"1,1"
,"1,1"
,1k
,1k
,1k
,1k
,1k
,900
.,1.18
.,1.19
",",","
.,1.19
,2
,200
,2
,4
.,","
,5
,4
,9
/,1.5k
,3
,4
,3
,3
,30
,4
",",1k
,1
,9k
,4
,3
,50
,4
,3
,2
,14k
,1
,2
,13k
,300
,7
,50
,3k
,1
,3
,650
,650
,650
,600
,600
,600
,8k
,600
,600
,1.8
,600
,1.8
,600
,600
,600
,7
+,1
,1
,2
,1
,1
,150
,10
,9k
,100
/,1.5k
,1
,8k
,8k
,100
,50
,90k
,10
,10
,14
,800k
,10
,2
,30
/,1.5k
,1k
,4k
,80
,200
,2
,200
,3
,9
,2
,10
,10
,10
,10
,10
,350
,3
,9
,350
,350
,3
,3
,1
,1
,2
,1500
,1
,1
,1
,64k
,10
,64k
,64k
,64k
,150
,64k
,4
,300
,64k
,4
,"2,5"
,4
,1.2k
,200
,4
,69
,225
,1
,2
,3
,2
,1k
,14
/,2K
,16k
,3
,3k
,10
,14k
",",3
,5
/,"1,7k"
,6
,3
,2k
,1k
,1k
,1k
.,1k
,3
,120
,5k
,2
,1k
,2
,4k
,1k
,3
,1k
,1k
,1k
,3
,500
,500
,3
,500
,3
,3
,3
,3
,3
/,2K
,3
,3
,3
,3
,3
,3
/,2K
,3
,3
,400
,33
,3
,2
,2
,2
,3
,2
,2
,36
,36
,36
,36
,4
,200
,200
,3
,150
,30
,1
,1
,250
,1
,1
,61
,100
,1
,1
,250
,1
,1
,1
,1
,1
,1
,2
,1
,1
,1
,1
,1
,500
,1
,20
,1
,2.5k
,1
,100
,1
,200
,5
,14k
,10k
,10k
,5000
,200k
,1
,1
,400
,1
,1
,500
,1
,1
,1
:,25
:,25
:,25
:,25
:,25
:,25
:,25
:,25
:,25
,20
:,25
$,4
:,25
:,25
,1
:,25
,3
,3
,1
,1
,1
,200
:,25
:,25
:,25
:,25
,10
,1
,13k
,400
,13
,1
,1
,1
,1
,1
,1
,1
,1
,1
,1
,1
,1
,1
,1
,3
,3
,1
,1
,1
,1.1
,1.1
,1.1
,1.1
,1.1
,1.1
,50
,50
,2016
,1
,...
,1
,1
,1
,1
,1
,1
,1
,1
,1
,1
,1
,1
,1
,1
,1
,1
,1
,2
,2
,2
,1
,2
,2
,2
,4
/,5
/,5
,3
,6
,13k
,1
,2
,3
,9
,10
,1k
,2
,2
,2
.,1500
,1.
,4
,13k
,13k
,38
,13k
,1750
,3
,1
,10k
,3000
,3
,13k
,3
/,1k
,5k
:,25
/,4
,3
,5
,20
/,4
,38
,38
,1
,2
",","4,"
,2
,2
:,25
:,25
:,25
,2
,5k
:,25
,100
:,25
:,25
:,24
,7
:,24
:,24
:,24
,300
,13k
:,24
:,24
:,24
,1
,1
,1
,1
,15
,1
,1
,1
,400
,15
,1
,2
,5
,5
,1
,1
,300
,1
,1
",","4,"
,100
,1
,.
,.
,10
,.
,16
,.
,1
,1
,1
,400
,5
,1
,1
,1
,1
,1
,1
,13k
,6
,1
,13k
,1
,1
,"1,3k"
.,1.8
,1
,1k
,1k
,1k
,1k
,1k
,900
,900
,13k
,900
,1k
,13k
,1
,1
,1000
,1
,1
,1
,1
,1
,1
,2k
,3
,1
,1k
,1
,1
,1k
,1
,1
,1k
,1
,1
,1
,1k
,1
,1k
,4
/,.
,5
,1k
,10
,1k
,2
,2
,2k
,3
,225
,3
,2
,2
,10
,1k
,1k
,3
-,3
,1k
,1k
,1k
,1k
,1k
,200
,300
,3
,5k
,10
,50
,1k
,3k
,30
,40k
,40k
,4
,4
,4
,4
,4
,4
,4
,4
,4
,4
,500
,500
,2
,1
,6
,5
,1750
,5
,1k
,1
,30
,1
/,1.5k
,2
,3
,40k
,2
$,1k
",",13k
,1k
,500
,500
,900
",",13k
,300
,500
,400
,5k
,5
,400
",",13k
,300
,10
",",13k
,1750
,2k
,1
,130
,10k
,10k
,10k
,10k
,10k
/,4
,12
,3
,7
,2k
",",13k
,2k
,"1,9k"
,"2,5k"
,600
",",13k
,26
,26
,2
/,1.5k
,3
,7
,60
,60
,7
,"1,9k"
,"1,8k"
,200
,1
,40k
,7
,12
,12
,500
,7
/,1.8
/,1.8
",",2
/,1.5k
,"1,7k"
,55
,6
,10
,"1,5k"
,1k
,30
,1
,2k
,2
,64
,32
,64
,1k
,32
,32
,32
,32
,32
,32
,2
,1
,9k
,3
,2
,9k
,1
,2
,900
,900
,900
,900
,1.19
,1.19
,1.19
,1.19
,1.19
,5
,1.19
/,1.5k
,400
,10
,24
,"1,35"
,1
,3
,3
,2500
,300
,15
,15
,300
,300
,300
,300
,1
,300
,75
,300
,300
,300
,1750
,300
,200
+,20k
,200
,3
,3
,8
,"1,2k"
,200
,8
,100
,"1,3k"
,25
,"1,2k"
,25
,25
,25
,25
",",1
,5
,5
,25
,25
,1
,25
,25
,25
,4
,"4,5k"
,"2,5k"
,350
,25
,350
,25
,80
,3
/,2k
,3
,450
,3
,4500
,80
,80
,80
,10
,"4,5k"
,10
,80
,10
,10
/,1.5k
,80
,80
,4
,25
,80
,25
,25
,25
,80
,25
/,80
,25
,25
,25
,10k
,25
,11k
,25
,25
,25
,2
,2
,2
,2
,2
,2
,25
,2
,2
,2
,700
,1
,1
,"5,5k"
,1
,"5,5k"
$,"4,3k"
,1
,"5,5k"
,59k
,1
$,"4,3k"
,3
,"5,5k"
,5k
,1.19
,5
,1
,200
",",3
,500
,500
,1
,500
,1.1k
,1.1k
,1.1k
,500
,500
,500
,500
,1
,1.1k
,2
,1000
,6k
,2k
,3
,3
,3
,45k
,45k
,45k
,"1,2k"
,7
,1.16
,1.16
.,1
,4
.,20k
.,18k
,4k
,2k
,1
$,5
$,5
$,5
$,5
$,5
$,5
,2
,2
,2
,2
,64k
,3
,1k
,2.5k
,1.19
,24
:,24
-,1
,1
,100
,4k
,2
,350
,2
,2
,2
,2
,1
,2
,2
,2
,2
,4
?,.
,63k
,12
,63k
,6
,1
,6
,300k
,2
,50
,50
,7k
,50
,50
,1
,62k
,50
,62k
,4
",",12
/,1k
,3
,3
,1
,1.16
,62k
",","5,4k"
",",12
,62k
,62k
,1
,400
-,300
,1
,6
,64
,650
(,5
(,5
,400
,64
,300
,64
$,22
,1k
-,100
,12
,62k
,62k
,62k
,62k
,1
,1
,62k
,62k
,62k
,5
,300
,400
,3
,3
,2
,1.16
,1.1k
,300
,14
,1.1k
,1.16
,"1,1K"
,"1,1K"
,"1,1K"
,3
,150
,150
,1
,150
,1
,80
,150
,1
,6
,150
,8
,8
,150
,150
,62k
,8
,3
,80
,3
,1.16
,100
,2
,5
,5
,8
,8
,8
,1
,1
,8
,2k
,25
,25
,25
,5k
,25
,11
,25
,25
,11
,25
,8
,1
,1
,400
,200
,2
,2
,25k
,2
,2
,2
,8
,2
-,240k
,1k
,8
,1k
,62k
,64
,1k
/,6k
,2
,64
,5k
,1k
,40
,200
,64
,2
,"1,1"
,200
,64
,2
$,"4,3k"
,4
$,"4,3k"
$,"4,3k"
$,"4,3k"
,2
$,"4,3k"
.,20k
.,20k
.,20k
$,"4,3k"
$,"4,3k"
,10k
$,"4,3k"
",",65k
,35
,900
$,"4,3k"
,600
,500
,90
$,400
,20
,90
$,"4,3k"
,150
,1
,1
,2
,8
$,"4,3k"
,14
,100
$,"4,3k"
,"1,5"
,900
,90
,31
,150
$,"4,3k"
,"2,5"
,"2,5"
,3
,4
,1k
,47
,"2,3k"
,"2,3k"
,"2,3k"
,3
",","2,"
,400
,250
,15k
,1800
,400
,10k
,1
,2
,2
,3
,1k
,1k
,1k
,250
,10
,250
,250
,10
,10
,10
,250
,10
,250
,10
,1k
,1
,10
,10
,250
,10
,250
,1k
,250
,220
,250
,250
,250
,250
,1k
,5
,5
,1k
+,10k
,250
,1k
,250
,5
,5
,5
,5
-,220k
,250
,250
,220
,1k
,"2,3k"
,1k
,220
/,"1,5k"
,220
,220
,1k
,220
,220
,220
,220
,10
,220
,10
,1k
,10
,11
,10
,10
,10
,220
,1k
,220
,1.19
,10
,10
,1.19
,2
,1.19
,1.19
,1.19
,1.19
,2
,1.19
,11
,1.19
,1k
,2
,2
,1.19
/,1.19
,5
,1k
,1.19
,8k
,1
,1
,2
,1
,1
,8k
,"2,5k"
,60
,60
,60
,60
,60
,10
,1.19
,60
,1.19
,1.19
,1.19
,1.19
,1.19
,60
,1
,1.19
,1.19
,1.19
,1.19
,60
,60
,1.19
-,220k
,14
,14
,250
,250
,400
,250
,2
,3
,3
,20
,250
,2
,4k
,2
,250
,250
,250
,250
,250
,250
,77
,60
,60
,77
,250
,250
,23
,250
,250
,250
,250
,60
,60
,60
,77
,60
,2
,2
,250
,250
,250
,250
,250
,900
,250
,4
,250
,4
,1
,4
,250
,500
,250
,250
,500
,500
,500
,220
,220
,200
,200
,200
,200
,200
-,500
-,500
,200
-,500
,200
,200
,200
,200
,7k
,200
,200
,40
,20
,200
,200
,200
,1
,1
,1
,1
,1
,1
,1
,2500
,200
,1
,1000
,200
,1
,1
,1
,200
,1
,200
,200
,1
,200
,200
,1
,200
,200
,1.19
,1
,200
,200
,200
,200
,200
,200
,1
,200
,200
,275
,275
,275
,275
,275
,275
,275
,275
,275
,275
,275
,1
,1
,210
,1
,225
,225
,225
,275
,225
,225
,225
,225
,10k
,1
,10k
,3
,150k
,3
,275
,275
,75
,225
$,"4,3k"
,225
$,"4,3k"
$,"4,3k"
,3
$,"4,3k"
$,"4,3k"
,20
,20
,250
$,"4,3k"
,45
$,"4,3k"
,500
$,"4,3k"
(,350
(,350
,8k
,10K
,4k
,50
,3
,1
,200
,200
,200
,200
,"2,5"
,200
,"5,4k"
,1k
,200
,5
,200
,"2,5"
,"2,5k"
,200
,200
,"1,6k"
,5
,"1,6k"
,"1,6k"
,5
,5
,200
,1200
,1200
,1200
,1200
,1100
,"2,5k"
",","5,4k"
",","5,4k"
,2
,3
.,200
,3
,3
,3
,1
,200
,"1,5"
,"1,5"
,200
,200
,1000
,200
/,1.8
,500
,400
,200
,300
$,100
,1
$,100
$,100
,14
,200
,200
,3
,200
,200
,200
,200
,750
,1k
,23
,1800
,2
,450k
,2
,200
,200
,200
,200
,200
,200
,200
,200
,4000
,200
,200
,200
,200
,4
,30
,20
,2000
,"1,5k"
,2000
,2000
,2000
,1.19
,1.19
,3
,1
,1
,1.19
,600
,1.19
,500
,3
,500
,4
,4
,1
,4.
,2
,1
,400
,300
,200
,11k
,300
/,2k
/,"1,8k"
/,2k
/,2k
/,"1,8k"
,200
,200
,200
,200
,50
/,2k
,2
,10k
,1
,800
,1
,1
,70
,1
,250
,3
,250
.,20
,3
,3
,300
,300
,140
,150
,10k
,80
,12
,350
,350
,350
,350
,2
/,"1,5k"
/,"1,5k"
,...
,10k
,1
,1
,10
,1
,230
,10
,1
,1.5k
,7000
,5
,1
,10
,3k
,100
,100
,100
,8k
,200
,3
,10
,10
,10
,10
$,"2,1k"
$,"2,1k"
,90
,1
,1
,1
,1
,1
,200
,200
,200
,200
,200
,200
,10
,200
,50
,200
,200
,10
,200
,200
,10
,175
,175
,150
,150
,150
,150
,150
,9
,20
,20
,3
,200
,2
/,2k
,1
,1
,200
,50
,8k
,3
,50
,10k
,3
,50
,150
,150
,10k
,200
,150
,3
,150
,200
,3
,100
,10k
,50
,150
,150
,1
,1
,1
$,"4,3k"
,1
,1
,2
,2
,1
,1
,1
,1
$,"4,3k"
,1
,1
,150
,30
,2
,150
,2
,1
,50
,25
,1
,1
,200
,200
,200
,200
,200
,200
,200
,200
,8k
,200
,299
,200
,200
,7k
,200
,25
,200
,200
,200
,200
,200
,200
,200
,200
,200
$,"4,3k"
,200
,200
,200
,200
,25
,60
,9
$,"4,3k"
,200
,200
,4
$,"4,3k"
,2
,200
,4
,200
,500
,200
,16
,4k
,200
,16
,4
(,350
$,"4,3k"
(,350
,6
(,350
,130
,2
,200
,1k
$,"4,3k"
,200
,200
,"5,5k"
,700
,200
$,12
,200
,200
$,"4,3k"
$,"4,3k"
,200
,200
,7k
,25k
,1
,3.2k
$,"4,3k"
,3.2k
,160
,300
,200
,200
,200
$,"4,3k"
,150
,200
,200
.,10k
$,"4,3k"
,200
-,50k
,1
,200
,150k
,20k
,1
,200
/,4
$,"4,3k"
,1
,","
,","
,200
,","
,14
,","
,","
,200
,700
$,"4,3k"
,7
,1
,200
,1
$,"4,3k"
,2
,6
,200
,200
,200
,200
,120
,"2,6k"
,200
,200
$,"4,3k"
,16
,200
$,"4,3k"
,200
,100
,200
,2
,100
,200
,200
$,"4,3k"
$,"4,3k"
",",50
",",50
,1
$,"4,3k"
,2
,200
,3
,200
,3
,200
,4
,200
$,"4,3k"
,18k
,200
,1
,1
,200
,3
$,"4,3k"
,3
,200
,200
,250
,200
,200
$,"4,3k"
,200
,4
,200
,200
,1
,1
,4
,1
,200
,200
,1
,4
,200
,4
,200
,2
,200
,200
,200
,15k
,11k
,200
,200
,3
,150
,3k
,250
,200
,200
,200
,200
,200
,200
$,"4,3k"
,7k
,200
,500
,500
,250
$,"4,3k"
,200
,5
,1.19
$,"4,3k"
,500
$,"4,3k"
,50
,200
,200
,10k
,50
/,2
,300
,200
,10k
,10k
,2
,200
,200
$,"4,3k"
,200
/,2
,200
,200
,200
,50
,200
,200
,200
,1.19
,200
,8k
$,"4,3k"
,8k
,10k
/,"1,5k"
,200
,200
,200
/,4
/,4
,200
/,4
,200
,1
,200
/,2
,200
,80
,200
,200
,2
,10k
,"1,5"
,10k
,200
,200
/,2
/,2
,10k
,200
,200
,18
,200
,18
,200
,200
,3
,3
,3
,200
$,200
$,200
$,200
/,2
$,200
$,200
,3
/,2
/,2
,15k
?,600
,300
,3
,1000
/,2
/,2
,200
,3
,200
,200
,3
,130
,3
,1.8
,3
,2
,3
,9
,9
,2
,9
,9
,40k
,10
,10
,2
,2
,80
,70
,64
,2
,2
,2
,2
,9
,250
,250
,250
,9
,180
,180
,9
,180
,9
,180
,1k
/,50
,200
,4
,200
,200
,200
,20.00
,200
,1
,200
,200
,1
,1
,1
,1
,5k
,1
,3.
,180
,1
,80
,5000
,200
,9
,5k
,200
,"1,8"
,180
,5k
,150k
,8
,2
,10k
/,"1,5k"
,64
,60
,10
,1
,200
,200
,1.19
,1
,50
,1570
,1570
,1570
,1570
,1570
,200
,200
,200
,200
,2
,2
,200
,2
,2
,200
,4
,4
,200
,250
,150
,80
,22
,10
,200
,200
,200
,900
,350
,14k
,350
,350
$,350
",","4,5k"
$,350
,1.19
$,350
,300
,300
,10
,300
,2
,300
,300
,350
,2
,350
,3
,350
,350
,350
,350
,6
,3
,150
,350
,350
,8k
,350
,3
,350
,350
,2
,1
,1
,1
,1
,1
,8k
,1.19
,350
,3
,58
,3
,3
,3
,3
,2
,350
,2
,250
,3
,3
,250
,3
,350
,250
,350
$,"1,4k"
,3
,350
,3
,3
,10
,800
,800
,800
,700
,250
,600
,3
,350
,3
,350
,2
,300
,350
,350
,350
,9.000
,150k
,150k
,350
,14
,2
,2
,150k
,300
,1
,350
,40k
,7
,350
,300
,50
,350
,300
,300
,19k
,85
,1
,15
,7k
,1
,3
,100
,3
,3
,500
,500
,500
,500
,3
,3
,3
,200
,200
,2
,1.19
,720
,200
,200
,200
,2k
,2k
,2k
,2k
,2k
,2k
,2k
,2k
,2k
,200
,2k
,720
,720
,700
,700
,600
,200
,200
,500
,600
,600
,2
$,","
,700
,20
,200
,250
,200
,200
,900
,700
,700
,550
,550
,550
,2k
,2
-,4k
-,"3,5k"
/,2k
,840
,840
,800
,500
,500
,500
,800
,500
,500
,800
,800
,800
,540
,540
,800
,800
,800
,13
,2
,14k
,13
,10
,300
,300
,2
,40k
,2
,13
,13
,13
,40k
,250
,250
,12k
,3k
,10
,100
,1.19
,2
,200
,2500
,1
,40k
,13
/,2k
,2k
,1
,40k
,200
,1k
,1k
,1k
,18
,40k
,1k
,40k
,700
,700
,700
,40k
,150
,700
,700
,700
,700
,40k
,1
,450
,4
,450
,150
,150
,"1,5k"
,3
,115k
=,100
,6k
,3.5k
,3.5k
,3.5k
,3.5k
,3.5k
,3.5k
,3.5k
,3.5k
,3.5k
,3.5k
,"4,5k"
,3.5k
,115k
,1
,1
,1
,25k
,1
,25k
,25k
=,70
,1
,50
,10k
,50
=,120
,50
=,110
,50
,50
,25k
,50
=,100
,50
,1
,13k
,200
,3
,9k
$,175
,9k
,9k
$,175
,1
$,175
,115k
,5
,1
,1
,100
,9k
,1
,9k
,25k
,25k
,9k
,80
,25k
,1k
,25k
,2
,1
,9.5k
,1
,2
,25k
,1
,25k
,9k
,25k
,2
.,1.19
,2
,"250,"
,"250,"
,"9,5k"
,350
,100
,1
,1
,4
,4k
,4k
,4
,1
,350
,8k
,8k
,8k
,9k
,9k
,9k
,4
,"8,5k"
,12
,"8,5k"
,3
,"8,5k"
,50k
,30
,30
,30
,30
,30
,"8,5k"
,"8,5k"
,30
,30
,30
,30
,30
,30
,30
,5
,5
,30
,"8,5k"
,25k
,30
,5
,30
,250
,13
,"8,5k"
,13
,200
,5
,200
,8
",","2,8k"
,5
,8k
,5
,200
,8k
,"1,1k"
,8k
,3
=,100
,1
",","2,8k"
,400
,8k
,"1,1k"
,150
,100
,1
,200
,200
,200
,3
,40
,8
,5
,5
,4
,4
,4
,4
,4
,4
,20
,4
,4
,4
,4
,20
,30
,30
,30
,30
,30
,200
,30
,30
,30
,2
,2
,25k
,2
,2
,200
,23
,200
,25k
,200
,50
,50
,200
",",","
",",","
,3
,5
,3
,3
,3
,115k
,80
,3
,115k
,2k
,2k
,2k
,80
",",","
,2
/,2k
,25k
,200
,80
,200
,1
,20
,1
,200
,1
,1
,1
,50
,200
,1k
,200
,175
,200
,3
,3
,"1,2"
,200
,200
,200
,3
,2
,13
,5
=,80
,200
=,80
,5.5k
,200
,200
=,50
=,50
,3
,250
,8
=,50
,250
,8
,8
,8
,8
,8
,8
,3
,12
,15
,75
,250
,1.
,3
,10k
,12
,3
,850
,5k
,750
,750
,750
,750
,750
,450
,450
,200
,200
,200
,1
,200
,1
,4k
,","
,5
,30k
,12
,30k
,6
,30k
,30k
,200
,3
,3
,3
,3
,3
,3
,3
,13
,3
,3
,3
,3
,3
,2
,3
,30k
,3
/,500
,400
,200
,200
,80
!,5
,200
!,5
,200
,80
,1150
,1150
,1150
,1150
,1150
,1100
$,"4,3k"
,20
,20
,20
,150
,20
$,","
,50k
,200
,200
,"1,1k"
,1k
,5
,25
,1
,25
,25
,25
,25
,"1,1k"
,1000
,950
,1
,1k
,"1,1k"
,108
,3
,25
,25
,3
,"2,2k"
,25
,90
,25
,4k
,1
,2180
,1
,1
,5k
,50k
,25
,25
,25
,25
,165k
,25
,30
,30
,30
,30
,30
,30
,30
,200
,"1,1k"
,15
,200
,200
,5k
,115k
,200
,200
,"1,1k"
,1080
,"1,1k"
,70
,200
,5
,25k
,25k
,200
,115k
,5k
,200
,5k
,3
,200
,100
,1
,200
,"1,1k"
,25k
,25k
,25k
,25k
,100
,25k
,1.1k
,800
,25k
,250
,250
,150
,250
,150
,250
,250
,250
,250
,250
,150
,150
,150
,150
,150
,150
,95
,95
,95
,95
,7
,9
,25k
,95
,25k
,"7,5k"
,25k
,22k
,"1,1k"
,25
,25
,2
,2
,"1,1k"
,25
,25
,25
,25
,"1,7"
,25
,25
,5
,10k
,"1,1"
,"1,1k"
,25
,25
,25
,1
,"1,1k"
,1
,400
,25
,6
,110k
,110k
,25
,25
,25
,20k
,20k
,20k
,3
,"4,5k"
,20k
,20
,20k
,4k
,30
,5
,3
,4
,3
,1
,3
,"7,5k"
,3
,4k
,1
,4k
,25
,20k
,25
,25
,25
,4k
,25
,25
,25
,20k
,20k
,20k
,2
,20k
,1.8
,1.19
,20k
,2
,2
,4k
,2
,4
,4
,"1,1k"
,9k
,9k
,"1,1k"
,70
,9k
,"1,1k"
,4
,1.19
,1.19
,1.8
,1.19
,1.19
,30
,30
,7
,7
,7
,3
,1080
,2
,3
!,3
!,13
!,13
!,13
!,13
!,13
,2160
,1.19
,30
,30
,30
,30
,1.19
,4
,1
,2.2k
",",1.5k
,3
",",3k
,2
,110
,110
",",3k
,2k
,1
,6
,6
,32
,32
,2
$,"1,5k"
$,"1,2K"
$,"1,2K"
$,"1,2K"
/,2k
,80
,9k
,9k
,9k
,8k
,9k
,8k
/,2k
/,2k
/,2k
,9k
,8k
,8k
,9k
,8k
,9k
,8k
,7.9k
,7.9k
,8k
,950
,"1,2k"
,"1,2k"
,950
,950
,8k
,4k
,100
,2
,75
,2
,4
,4
,4
,50
,4
,4
,4
,4
,4
,4
,4
,4
,4
,4
,4
,4
,4
,4k
,200
,4k
,200
,200
,4k
,4k
,200
,200
,4k
,4k
,200
=,200
=,200
=,200
=,200
=,200
=,200
/,"1,3k"
,1
,200
,200
,200
,200
,200
,1
,1
,1
,1
,1
,1
,1
,1
,80
,13k
,7.5k
,3
,4k
,2
,2
,4k
,150
,20k
,20k
,20k
,200
,20k
,20k
,20k
,70
,20k
,20k
,20k
,4
,4
,20k
,5
,1
,1
,30000
,1
,110k
,1
,1
,1
,4
,4
,4
,4
,4
,4
,4
,1
,4
,4
,4
,4
,10k
,10k
,110k
,9k
,1
,1
,20k
,20k
,1
,2
,16
,16
,16
,1
,4k
,100k
,1
,2.2k
,1
,2
,2
,2
,2
,8k
,2
,2
,20k
,100k
,16
,7
,16
,175
,1
,1
,2k
,4k
,6
,"3,8k"
/,"1,3k"
,2
,2
",","3,"
,2
,1.9k
",","3,"
,3
,100k
,100k
,100k
,2
,"3,8K"
,"3,7k"
,"3,7k"
,5
,4k
,","
,","
,","
,80k
,3
,1
,1
,25
,25
,1
,"3,5k"
,"3,5k"
,"3,5k"
,2
,2
,2K
,2K
,2
,2
,500
,500
,2
,500
,500
,1
,1
,2
,2
,"3,5k"
,350
,"1,5k"
,2k
,2k
,1
,2k
,10
,2
,2
,2
,2k
,60
,2k
,1
,2k
,55
,8
,2k
,35
,2k
,2k
,2k
,55
,2k
,1
,2
,2
,7
,7
,7
,80
,80
,80
?,.
,2k
,2k
,2k
.,3
.,3
.,3
,1100
,850
,1100
,1
,4k
,"1,5"
,1100
,"1,5"
,1.2
,8
,1100
,8
,1100
,8
,"3,5k"
,8
,4
,4
,1100
,1100
,1100
,1100
,900
,4k
,6
,1100
,1100
,1100
,1.19
,4
,1.19
,1100
,1.19
,3
,3
,5
,1.19
,5
,5
,5
,1.19
,13
,13
,13
,3.5k
,200
,1100
,"3,3k"
,1
,500
,10
,500
,15
,500
,500
,1
,13
,1k
,39k
,20k
,20k
,2
,2
,2
,3
,3
,3
,4k
,3
,30
,30
,30
,1
,3
,1
,2
,2
,2
,13
,1
,2
,1
,3
,13
,2k
,23
,1k
,23
,23
,3k
,"1,1k"
,1.2k
,3
,2k
,13
,100
,30
,80
,30
,100
,2
,2
,3
,30
/,3
,13
,3
,2
,2
,2000
,2
,2
,5
,1
,4
,1
,10k
,5
,1
,175
$,25
,175
,175
,175
,175
,175
,175
,175
,175
,175
,175
,175
,6
,175
,175
,10k
,10k
,2k
,3
,175
?,14
,3
,30
,30
,30
,3
,280
,150
,30
,30
,"4,5k"
,"4,5k"
,50
,150
,50
,30
,50
,"4,5k"
,"3,7k"
,"3,7k"
,"3,7k"
,40
,40
,40
,40
,40
,40
,40
,40
,1k
,10k
,15k
,15k
,15k
,3
,3
,2
,3
,5
,5
,5
,5
,900
,300
,300
,300
,300
,1k
,2k
.,1
.,1
.,1
,3
?,2
,1
,3
,12k
,12k
,900
,12k
,1k
,1k
,1k
,12k
,1k
,12k
,1k
,1.1k
,12k
,50
,12k
,750
,750
,12k
,12k
,12k
,12k
,3
,12k
,3
,12k
,12k
,12k
,12k
,12k
?,2
,12k
,12k
,12k
.,1
.,1
,750
,750
,12k
,6
,6
,6
,10
,1k
,1
,2
,4
,4
,1
,30
,10
,30
,3
,10
,30
,10
,10
,10
,4
,3
,10
,3
,1
,10
,10
,2k
,2k
,1
,10
,300
,10
,1
/,10
,1
,1
/,10
,5k
,1
/,10
,1
,2
/,10
,800
/,10
,1
/,10
,1
,2
/,10
/,10
,11
,11
,11
/,10
,700
,250
,700
,5
,1
,8
,8
,2
,200
,8
,8
,8
,2
,8
,8
,1k
,8
,8
,...
,8
/,1.8
/,1.8
,400
,120k
,3
,3
/,2K
/,2K
,4k
,150
/,2
/,2
/,2
/,2
/,2
/,2
/,2
/,2
,34k
,400
,400
,13
,"1,1k"
,400
,400
,59
,2k
,2k
,5
,1k
,1k
,5
,5
,3
,5
,1k
,5
,1k
,5
,2022
,5
,5
,5
,5
,22k
,5
,"1,1k"
,5
,5
,5
,5
,5
,5
,"1,1k"
,5
,5
,5
,5
,5
,5
,5
,5
,5
,5
,5
,5
,5
,5
,2
,5
,3
,2022
/,2K
,1
,5
,5
/,2k
,5
,200
,5
,150
,20
,20
,199.99
,3
,149.99
,149.99
,1k
,1k
,1k
,200
,27
,25
,10
/,4
/,4
/,4
/,4
/,4
,8
,8
,20
,4
,3
,20
,10
,3
,8
,8
,2
,250K
,8
,4
,38
,4
",",12k
,250
,100
",",12k
,"11,5k"
,2k
,"11,5k"
,11k
,11k
",","11,5k"
/,2K
,38
",","11,5k"
,2k
,3
,2k
,2k
",","11,5k"
,2k
,2k
",",11k
,2k
,2k
,2k
,2k
,2k
,2k
,2k
,2k
,2k
,2
+,14k
,2k
,300
,2k
+,14k
+,14k
,12k
,2k
,2k
,2k
,2k
/,12k
,2k
/,"12,5k"
,2k
,2k
/,12k
,2k
,2k
,2k
/,11k
,2k
,2k
/,11k
,2k
,2k
,2k
,2k
,2k
,2k
,2k
/,11k
,2k
,2k
,2k
,2k
,2k
,2k
,2k
,2k
,2
/,2k
,2k
,2k
,2k
,2k
,50k
,2k
,2k
,2k
,2k
,2k
,2k
,2k
,2k
,2k
,2k
,2k
,2k
,2k
,1
,2k
,2k
,5
,2k
,5
,2k
,2k
,2k
,2k
,2k
/,11k
,2k
,11
,2k
,11
/,11k
,2
,12k
/,12k
/,12k
/,12k
,10k
,10k
,10k
,1.8k
,1.8k
,1.8k
,1.8k
,1.8k
,1.8k
,1.8k
,1.8k
,6
,4
,3
,2k
,2k
,2k
,2k
,2k
,2k
,2k
,2k
,2k
,2k
,2k
,2k
,2k
,2k
,2k
,2k
,2k
,2k
,2k
,2k
,2k
,2k
,2k
,2k
,2k
?,2000
,2k
,2k
,5
,2k
,2k
,5
,2k
,5
,2k
,5
,2k
,2k
,2k
,2k
,2k
,2k
,2k
,2k
,2k
,100
,2k
,1
,2k
,2k
,2k
,2
,2k
,1
,2k
,2k
,2k
,2k
,2k
/,1.8
,2
,2k
,60
,2k
,2k
/,1.8
,2k
,2k
,2k
,3
,2k
,300
,2k
,2k
,2k
,10k
,2k
,2k
,3k
,2k
,2k
,2k
,2k
,2k
,1
,2k
,2k
,2k
,2k
,2k
,2k
,2k
,2k
,2k
,2k
,2k
,2k
,2k
,2k
,4
,2k
,2k
/,2k
,2k
,2k
,2k
,2k
,2k
,2k
,2k
,2k
,1.5k
,2k
,2k
,2k
,2k
,2k
,2k
,2k
,2k
,2k
,2k
,1
,2k
,1
,2k
,2k
,2k
,1
,2k
,2k
,2k
,2k
,2k
,2k
,3
,2k
,2k
,2k
,2k
,2k
,2k
,2k
,2k
,2k
,2k
,2k
/,2k
,2k
,2k
,2k
,2k
,2k
,2k
,2k
,2k
,2k
,2k
,2k
,2k
,2k
,2k
,2k
,2k
,2k
,2k
,2k
,2k
,2k
,2k
,2k
,3
,2k
,2k
,2k
,2k
,2k
,2k
,2k
,2k
,50
,2k
,3
,2k
,2k
,20
,2k
,2k
,2k
,2k
,2k
,2k
,2k
,2k
,2k
,2k
,50
,2k
,2k
,2k
,2k
,2k
,2k
,2k
,2k
,2k
,2k
,2k
,2k
,2k
,2k
,2k
,2k
,2k
,2k
,2k
,2k
,2k
,2k
,2k
,2
,100
,1.3k
,1.3k
/,2k
/,2k
,1.3k
/,2k
/,2k
,1.3k
/,2k
,52k
,1k
,2k
,52k
,1.3k
,2k
,1.3k
,150
,"1,7k"
,1
,1
,"1,5k"
,1k
,"1,5k"
,"1,5k"
,"1,5k"
,"1,5k"
,1.3k
,2
,"1,5k"
,"1,5k"
,"1,7k"
,"1,5k"
,"1,5k"
,"1,5k"
,"1,5k"
,"1,5k"
,"1,5k"
,"1,5k"
,"1,5k"
,"1,5k"
,"1,5k"
,"1,5k"
,3
,"1,5k"
,"1,5k"
,"1,5k"
,"1,5k"
,"1,5k"
,"1,5k"
,"1,5k"
,"1,5k"
,"1,5k"
,"1,5k"
,"1,5k"
,"1,5k"
,"1,5k"
,"1,5k"
,"1,5k"
,"1,5k"
,"1,5k"
,"1,5k"
,"1,5k"
,2
/,"1,5"
,1k
,1k
,1k
,1k
,1k
,1k
,1k
,1k
,1k
,1k
,1k
,1k
,1k
,1k
,1k
,3
,1k
,3
,1k
,1k
,1k
,400
,3
,350
,3
,3
,20
,1
,000
,3
,3
,3
,3
,3
,000
,3
,60
,60
,3
,3
,500
,500
,500
,3
,60
,60
,60
,60
,60
,60
,60
,800
,800
,2
,2
,800
,3
,3
,3
,3
,3
,3
,1
,3
,1
,1
,1
,2
,2
,2
,3
,3
,3
,2
,3
,2
,3
,2
,3
,2
,2
,3
,3
,2
,3
,"6,5k"
/,40k
,4k
,4k
/,1000
,14
?,2
,15k
,"1,5k"
?,2
,"1,5k"
,5
,"1,5k"
,2
,2
,"1,5k"
,"1,5k"
,"1,5k"
,"1,5k"
,"1,5k"
,3k
,3k
,3k
,3k
,3k
,3k
,3k
,3k
,3k
,1k
,3k
,3k
,3k
,1556
,3k
,3k
,3k
,3k
,3k
,3k
,3k
,2
,3k
,3k
,3k
,3k
,3k
,3k
,3k
,3k
,3k
,3k
,3k
,"1,5k"
,3k
,3k
,3k
,3k
,3k
,3k
,3k
,3k
,3k
,3k
,2k
/,2k
,100
,2
,3k
,2
,3k
,5
,900
,100
,400
,900
,3k
,600
,900
,5
,200
,200
,200
",",","
,50
,3
",","4,"
,20
,50
,750
,750
,750
,750
,750
,750
,750
,750
,750
,750
,750
,750
,15
,750
,675
,675
,675
,675
,675
,1
,675
,675
,1k
,100
,1k
,1k
,1k
,1k
,1k
,1k
,1k
,1k
,1k
,1k
,1k
,1k
,1k
,200
,200
,200
,1k
,200
,1k
,200
,200
,1k
,1k
,1k
,10
,1k
,"3,2k"
,1k
,"3,2k"
,1k
,"3,2k"
,1k
,"3,2k"
,1k
,1k
,"3,2k"
,"3,2k"
,200
,1k
,200
,150
,150
,150
,1k
,50
,150
,1k
,1k
,150
,150
,1k
,1k
,150
,150
,150
,150
,150
,1
,150
,1
,150
,1
,1
,1k
,2
,2k
,150
,2
,2
,110
,900
,150
",","3,"
/,2K
,900
,90
,30
,30
,30
,200
,200
,30
",",1.3k
,2
,200
,1
,30
",",1.3k
,1k
,200
,200
,1
,200
,200
,2
,5
,25
,25
,200
,5
,5
,200
,200
,25
,25
?,17
,5000
,5000
,1
,1
,5000
,5000
,","
,6
,"8,5k"
,6
,3
,5
,5
/,2k
,14
,5
,3
,180k
,1
,3
,3
,1
,3
,200
,200
,200
,200
,3
,3
,3
,100
,3
,3
,1
,100
,1
,5
,180k
,6
,100
,6
,1k
,3
,14
,14
,1000
,1000
,3
,","
,3
,3
,1
/,"1,5k"
/,"1,5k"
,1
,1
,2
,14
,1
/,"1,5k"
,3
,3
,3
,3
,2
,3
,3
,100
,1
,1
,2
,800
,3000
,3
,2k
,60
,3
,20
,20
,20
,20
,20
,20
,3
/,2k
/,2k
,2
,2
,2
,3
$,10
$,10
,3
",",","
",",","
,1
,700
/,2k
,5
,50
,5
,100
,1
,1
,100
,300
,100
,100
.,1
,22
,22
,800
,900
,900
,900
,900
,3
,900
,900
,2
,2
,200
,300
,200
,2
,2
,15k
,15k
,3
,3
,5
,1
,5
,3
,5
,25
,5
,25
,5
,5
,5
,5
,5
,5
,5
,500
,5
,500
,60
,60
,5
,5
,5
,5
,5
,5
,5
,5
,200
/,2k
,60
,60
,3
,3
,3
,.
,.
,.
,3
,3
/,2k
,150
,80
,.
,6
,6
,.
,6
,2k
,1300k
,1300k
,2k
,6
,1300k
,1300k
,1200k
,"1,2k"
,"1,2k"
,2k
,40
,40
,1
,1
,4
,240
,600
,15k
,2
",",","
/,1500
,4
,1
?,10
,2k
,5
,2k
,1
,10
,10
,2.5k
,80
,20
,1
/,2k
/,"1,5k"
,10
,1k
,30
,1
,2
,250
,3
,100
,1.8
,1.8
,200
,200
,2k
,30
/,5
,1
,12
,12k
,65k
,2
,400
/,1.5k
,10
,180
,200
,180
,180
,45k
,45k
,45k
,3
,45k
/,1.5k
,5
,2
,"1,6k"
,"1,5k"
/,1k
,3
,2
,2
$,70
,180
,200
,200
,180
,1.19
,21
,200
,200
$,70
,.
,.
,.
,180
,3
,.
,1.1k
,3
,1
,1
,3
,1
,1
,1
,3
,2
,1
,","
,25
,1
,8
,200k
,200
,9
,5
,5
,5
,5
,"1,1k"
,5
,1
,3
,3
,1
,1
,1
,5
,1
,1
,4k
,5
,1
,5
,3
,"1,1k"
,60
,"1,1k"
,5
,"1,1k"
,"1,1k"
,"1,1k"
,5
,24
,24
,24
,24
,2
,5
,50
,20
,24
,50
,50
,"1,1k"
,"1,1k"
,2
,"1,1k"
,26
,7k
,55k
,2000
,"1,1k"
/,2k
,6
,2000
,2000
,7k
/,...
/,...
/,"1,5k"
,2
,2
,2
,1
/,...
,2.5k
,6
,100
,50
,35
,30
,2
,10k
,7k
,9
,9
,9
,7k
,9
,1k
,1k
,1
,1k
,1
,1k
,1k
/,1.8
,1
,1
,1
,3
,3
,3
,3
,5
,1
,9
,17
,60
,"1,1k"
,"1,1k"
,"1,1k"
,35
",",2
,"1,1k"
,1k
",",2
/,1.5k
,"1,1k"
,"1,1k"
,"1,1k"
,"1,1k"
,3
,..
,3.
,3.
,10
,10
,10
,10
,10
,3
,3
,30
,3
,3
,7k
/,...
,260
,260
,260
,260
,45k
,1k
,260
,7k
,1k
,260
,1k
,260
,1k
,1k
,2k
/,1.8
,2k
,1
/,1.8
,2k
,40k
,2k
,2k
,200
,30
,2k
,64
,250
,300
,300
,250
,250
,250
,4
,4
,250
,4
,200
,4
,4
,4
,25
/,2k
,4
,"1,1k"
,12
,3
,3
,8
,4
,15
,5
,4
,3
,400
,4
,150
,150
,50
,4
,5k
/,69
/,69
,5k
/,69
/,69
,5k
/,69
/,69
/,69
/,69
,180
,4
,3
,3
,3
/,69
/,69
/,69
,200
,1
,"4,2k"
,"4,2k"
,"1,1k"
,"4,2k"
,"1,1k"
,50
,"1,1k"
,"1,1k"
,2
,2
,6
,2
,6
,14
,4.2k
,4.2k
,1k
,4.2k
,1
,1
,"1,7k"
,44
,4.2k
,3
,3
,3
,3
+,140k
+,140k
+,140k
+,140k
+,140k
,1
,4.2k
,"1,1k"
/,2k
,63k
,1800
,1
+,140k
,3
,1800
,"1,7k"
,"1,1k"
,5
+,140k
,4.2k
,"1,1k"
,1k
,55k
+,140k
,32
,32
,1800
+,140k
,210
+,140k
,1k
+,140k
,4k
,60
,1k
,60
+,140k
+,140k
,100
,60
+,140k
,60
,5
,1k
,1k
,1k
,1k
,180
,300
,10
,....
,3
",",","
,4k
,4k
,25
,4k
,2
,4k
,4k
,100
,4k
,150
,150
,150
,4k
,150
,150
,100
,100
,2
,10
,4k
,4k
,2
,2
,2
,4k
,2
,2
,2
,2
,150K
,2
,50
,15
,2
,50
,4k
,2
,2k
,15
,150K
,15
.,"1,5k"
,4k
.,"1,5k"
,1
.,"1,5k"
,4k
,15
,7
.,"1,5k"
,4k
,100
.,1k
,1
,15k
,15
,60
,4k
,60
,32
,100
/,2k
,50
,180
,100
,180
,180
,180
,180
,180
,70
,70
,70
,180
,150K
,4k
,4k
$,1
,180
,4k
,180
,180
",",150K
$,1
,20
,9
=,10
$,1
,2
",",150K
,10
",",150K
,1
",",150K
",",150K
$,1
,47k
",",150K
",",150K
$,1
,80k
,5
,6
,"1,3k"
,"1,3k"
,"1,3k"
",",150K
,"1,3k"
,"1,3k"
$,1
",",150K
,75
",",150K
",",150K
",",150K
",",150K
",",150K
",",150K
",",150K
,60
,60
,60
",",150K
,60
,60
,1
,60
,60
,60
,60
,60
,60
,60
,60
,60
,60
,60
,60
,60
,1.19
,50
,1.19
,50
,50
,50
,50
,50
,7
,7
,3
(,"1,2k"
,7
,50
/,32
,210
,1k
/,32
,1k
/,32
/,32
,2
,2
,6
,7
,60
,3
/,5
,50
,7
,50
,3
,50
,50
,7
",",...
,140
,140
,25
,25
,7
,2
,2k
,7
,7
,1k
,7
/,2k
/,2k
,30k
,7
,7
,2
,2
",",...
,7
,7
,7
,3.9
,7
,7
,4
,7
,1
,1
,7
?,1.000
,7
,16
,16
,7
,300
,16
,1
,600
,600
,1
,1
,1
,15
,2
,12
,300
,1
,60
,47k
,30
,300
.,7k
,5
.,7k
.,7k
,39k
.,7k
.,7k
,2
.,7k
&,3
,3
.,7k
.,7k
.,7k
,7
.,7k
-,800
-,800
,50
,50
,50
,3
,50
,40
,40
,40
,40
,40
,40
,"1,5k"
,40
,40
,40
,7
,40
,5
,40
,7
$,1
,7
,2k
,7
,7
,27
,"1,2k"
,900
,1
(,1.8
,7
,3
(,1.8
/,5
,1k
(,1.8
/,5
,2022
,1k
,4k
,2
,2
,4
,40
,40
,40
,40
,20
,40
,40
,27
/,5
,10
,40
,100
,40
,40
,40
,40
,40
,105k
,40
,3
,3
,3
,64
,1
,40
,3
,3
,40
,3
,3
,40
,40
,5
,40
,40
,40
,40
,3
,3
,40
,40
,2
,200
,175
,1700
,500
-,29
,175
,175
,5
,175
,5
,175
,5
,5
,3k
,5
,175
,100
-,29
,175
-,29
,175
,150
,125
,125
-,29
,125
-,29
,100
,2
,150
-,29
,200
-,29
,10
,1
,1
,1
,1
,100
,1
,1
,3
,1
,10
,10
,10
,1
,10
,200
,10
,10
,1
,10
,1
,1
,150k
,1
,50
,1
,50
,1
,50
,50
,50
,1
,50
,200
,1
,1
,50
,50
,50
,50
,1
,1
,40
,40
,200
,200
,40
,200
,1
,200
,40
,40
,40
,40
.,50
/,2k
/,2k
,40
,40
,40
,1
,4
,40
,40
,40
/,"1,5k"
/,"1,5k"
,40
,40
,40
,40
,40
,40
,4
,40
,28
,135
,40
,5
,5
,5
,5
,10
,150k
,70k
?,320
?,320
,30
,30
,30
,30
,3
,70k
/,2
/,2
/,2
/,2
,300
,70k
/,2
,2
,2
,2
,2
,100
,2
,30
,30
,30
,30
,30
,30
,2
,30
,2
,30
,30
,30
,30
,6k
,6k
,200
,200
,200
,2
,70k
,1.8
,1.8
,1.8
,1.8
,800
,800
,140k
,140k
,140k
,3
,70k
,3k
,130
,5
,8k
,70k
,120
,9k
,50
,100
,"4,5k"
,80
,"1,1k"
,90
,1
,10
,1
,90
,90
,90
,45
,5
/,3
,4k
,16
,70k
,64
,7k
,7k
/,2k
,10
,70k
,14
,5
-,700
,200
,70k
,10
/,5
,8
,10
,1k
,1
,19
,12
,18k
,18k
,18k
,3
,18k
,5
,3
,18k
/,10
,18k
,2
,10
,1
,1
,200
,1
,200
,2
,1
,1
,8
,14
,1
,1
,4
,4k
,1
,10
-,35k
,4k
,4k
,4k
",",1.8
,4k
",",1.8
,10
,3
,4k
,4k
,4k
,4k
,4k
,1
,3
,3
,3
,3
,4k
,4k
,4k
,"1,1k"
,11k
,58
,58
,4
,3
,3
,4k
,4k
,2
",",3
,4k
,45
,45
,4k
,4k
,4k
,4k
,4k
,4k
,4k
,4k
,4k
,3
,1
,30
,2000
/,1500
,75
,2
,75
,75
,75
,40
,75
,75
,50
,50
,50
,400
,50
,400
?,2
/,2k
/,1.7k
/,1.5k
/,5
/,2k
,100
,150
,150
/,5
,150
,100
,100
,100
,100
,1.8
,1.8
,1.8
,1.8
,1.8
,1
,1.8
,1.8
,1
,1.8
.,30
,","
,","
,200
/,1.5k
,1
/,2k
,1.8
,200
,1.8
,30
,30
,30
,30
,10
,10
,10
,10
,10
,1000
/,2
,225
/,2k
,15
/,7
,","
,200
,"1,5"
,1
,1k
,200
,1k
,1.8
,1k
,3
,3
,30
,1
$,1
,900
,900
,30
,15
,500
,500
-,3k
-,2k
,"1.16,"
-,2k
.,1.19
,3
,3
,8
,1
,10k
,10k
,10k
,10k
,1
,5
,5
,5
,1
,5k
,7K
,"1,4k"
,2
,"5,5k"
,3
,2
,3
/,1.5k
/,1.5k
,3
,10k
,750
,750
,63
/,1k
,3
,750
,32
,1
,190
,7k
,6k
,600
,600
/,2k
,1500
,150
,500
,1500
,600
,1000
,1000
,700
,225
,2
,50
,30
/,2k
/,1k
,225
,6
,400
,400
,400
,900
,900
,63
,10
,1
,10
/,2
-,47
,4
,150
,5
,150
,2200
,150
,4
,1300
,4
,4
,49
,49
,3
,3
,3
,3
,49
,1k
,3
,49
,49
,3
,49
?,50
,5k
,5k
,200
,49
,200
,200
,200
,49
,200
,100
,30
,49
,100
,100
,100
,100
,49
,4
,900
,4
,4
,4
,4
,4
,4
,4
,4
,4
,4
,4
,4
/,5
,100
$,1
,49
,4k
,4k
,100
,100
,800
,800
,100k
,1
,49
,600
/,"1,5k"
,49
,2k
,100
,1
,50
,50
,50
,50
,3
,100
,50
,49
,50
,40
,40
,40
,40
,40
,40
,40
,5
,40
,40
,40
,40
,49
,49
,49
,10k
,49
,49
,49
,49
,3k
,3k
,3k
,49
,7
|,750
,50
,40
,40
,10
,40
,2k
,40
,25k
,20k
,15k
,1
,40
,40
,15k
,40
,40
,40
,40
,40
,40
,40
,40
,40
,15k
,40
,40
,40
,40
,15k
/,2.000
,15k
,15k
,1.8
,1.8
,1.8
,"1,4k"
,1.8
,7
,7
,800
,1.8
.,1.19
,800
.,1.19
,30k
,15k
,30
,1k
,800
,1
,999
,999
,3
,2
/,2k
/,2k
,2k
,2
,2
,4
,2
,2
,1
,1
/,150
,500
,1.16
,200
,3
.,15.000
,1
,1
,3
,1
,2
,150
,150
,150
,150
,150
,150
,150
,150
,150
,150
,150
,150
,37
,150
,2000
,2000
,2000
,2000
,2000
,2000
,2000
,2000
,2000
,2000
,2000
,2000
,2000
,2000
,1500
,200
,500
,4k
,4k
,37
.,1.8
,170
,170
,170
,170
,170
,600
,170
,33k
,2k
,33k
,30k
,5k
,5k
,5k
,5k
,5k
,5k
,5k
,200
,16k
,1k
,16k
,1k
,30
,500
,16k
,500
,1
,16k
,200
,500
,500
,500
,250
,950
,950
,300
,300
,30k
,500
,300
,10
,18k
/,11k
,18k
,"2,4k"
,600
,18k
,18k
,"1,2k"
,7
/,"1,5K"
/,1k
,2
,500
,1
,1
,500
,150
,150
,1
,150
,150
,150
,150
,1
,4
,300
,1500
,1500
,1500
,1500
,1500
,1500
,1500
,12k
,"19,2k"
,250
,","
,"19,2k"
,60k
,60k
,60k
,60k
/,2k
,1k
,60k
|,62k
,55k
$,"19,2k"
,55k
",",750
",",750
,10
,300
,1
",",750
,1
,1k
,1k
",",750
",",750
,10
$,1
,10
,1
,1
,1k
,1k
,1k
,3k
,200
,200
,600
,2
,2
,2
,2
,500
,2
,2
,2
,2
,2
,2
,300
,300
(,300
(,300
(,300
,2
(,300
,2
(,300
(,300
,7
(,300
,2
(,300
,50
,2
,2
(,300
(,300
(,300
,40
(,300
",",1
,2
(,300
(,300
(,300
(,300
(,300
(,300
(,300
",",1
(,300
(,300
,1
(,300
$,1
(,215
(,215
,1k
,1
,1k
,1k
,850
,2
,1
,750
,"1,5"
,2
,2
,20
,750
/,40k
,"1,5k"
,30
,1k
,38
,4
+,500
,5
,1.100
,2
,2
,2
,2
,2
,2
,2022
,1
.,6
,6
,"1,3"
,50k
,3
,200
,"1,5k"
,30
,30
,"1,5k"
,20
,2
,1
,1
,1
,1
,1
$,2
,2
,14
,15
,14
,24
,16
,64
,2
,3
,650
,2
,650
,650
,5
,5
=,450
=,450
=,450
,650
,50
,50
,25
,650
,25
,3
,25
,600
,500
,3
,3
,600
,3
,3
,2000
,2000
;,"3,"
,2000
;,"3,"
,2000
,2000
;,"3,"
,2000
,1500
,1500
,"5,5k"
,1500
,1500
,1500
,50
,"5,5k"
,50
,250
,250
,15
,"5,5k"
,240
,900
,240
,240
,240
,240
,900
,240
,240
,240
,600
,600
,900
,25
,600
,200
,600
,900
,800
,800
,100
,800
,800
,800
,1
,100
,100
,350
,100
,30
,3
,3
,200
,250
,1
,1
,1
,900
,150
,250
,1
,800
,800
,2
,7
,1
,7
,1
,800
,800
,800
,"1,2"
,7
,2
,6k
,800
,800
,2
,2k
,1
,150
,250
,150
,45
/,1.19
/,1.19
,150
,2
/,2.25k
/,1.19
/,1.19
,150
,55k
,7500
,2
,2
,1.8.9
,300
,1.8.9
,350
,800
,800
,1k
,1k
,64
,1k
,1k
,64
,1k
,1k
,1k
,1.19
.,1.19
,1
.,1.19
,3
,3
,3
,3
.,1.19
.,1.19
,7
,7
,7
,7
,7
,7
,3
,7
,7
,7
,7
,2
,2
",",...
,100
,100
,1
,2
,2
,2
,2
,3
,2
,4
,2k
,2k
,5
,5
,1k
,"1,1k"
,220
,200
,220
,220
,200
,"1,5k"
,"1,5k"
,"1,5k"
,"1,5k"
,"1,5k"
,"1,5k"
,1.19
,"1,5k"
,"1,5k"
,14
,"1,5k"
,1k
,"1,5k"
,7k
,250
,2.5k
,150
,"1,3k"
,1
(,1
/,5
,7k
/,2k
",",1k
,2
,10
,10
+,1
,1
,5
,5
,250
,4
,2k
,4
+,1
,73k
+,1
,60k
+,1
,5
+,1
,5
,1k
,400
,73k
+,1
,73k
+,1
,81
,"1,5k"
,"1,3k"
,6
,650
",",1
,1
,30
,30
",",1
,650
,150
",",1
",",1
,50
,650
,3
,6k
,6k
,8.
,600
,5
,550
,1
,1
,1
,6k
/,2k
,600
,8
=,800
,"1,19"
,2
,2
,8
,1
,5
,6k
,6k
,1
/,1.19
,5
,5
,6
,6
,900
,100k
,2
,2
,2
,"1,5k"
,"1,5k"
,2
,2
,2
,2
,500
,500
,500
,3
/,2K
,10k
,2
,1.4k
,100k
,3
,150k
,100k
,6.750
,110
,130K
,3
,3
/,1.19
,700
,700
,3
,110
/,1.19
,700
,5
",","700,"
",","700,"
",","700,"
",","700,"
,8
,3
,3
,4k
,1.
,4k
,4k
/,2k
,1.
,4
,4
/,1.19
,400
,"1,5k"
/,1.19
,1
,2
/,1
/,"1,5k"
,4
.,12k
,100
,3
.,12k
",","4,"
/,1.19
/,1.19
/,1.19
,1k
.,12k
,1
,2
,2
,2
,1
/,1.19
,1
/,1500
,1
,1
,1
,6
.,12k
,12k
,3
,3
,150
,20
,6
,100
,1
,1100
,1100
,5
,1.5k
",",2
",",2
",",2
",",2
",",2
",",2
,1k
,800
,10
",",2
",",2
,10
,5
,500
,6
,6
,1
,500
,3
,8k
",","700,"
",","700,"
,4
",",1200
/,2k
,7
,1k
,7
,7
,7
,7
,2
,7
,7
,7
,7
,7
,350
,7
,350
,7
,7
,350
,7
,350
,7
,350
,350
,350
,350
,350
,350
,10
,2
,950
,2
,17k
,20
,350
,25k
/,2k
,3
,1K
,1K
,1K
,1K
,1K
,1K
,1
",",30k
,2
,3
,20
,"1,5k"
,30k
,3
,25k
,25k
,13k
,110
,100
,150
,3
,3
,1
,3
,1
,3
,1
,3
,70
,3
,25k
,1.2k
,25k
,25k
,25k
,1.2k
,7k
,7k
,7k
,20
,7k
,20
,7k
,2k
,20
,5k
,5k
,5k
,6
,40
,22k
,3
/,2K
,20k
,10
,10
,20k
,10
,10
,3
,10
,10
,10
,20k
,15k
,3
,3
,50
,20K
,7k
[,2k
[,2k
[,2k
,7k
,10k
,10
/,1.8
,10
,91k
,6.950
,5.950
,1
,1
,70k
,"1,8k"
,2
,3
,50
,50
,1
,5
,50
,40
,40
,30
,3
,30
,30
,12
,3
,15k
,55k
,150k
,123
,15k
,15k
,300k
,45k
,6k
,20k
,20k
,"1,1k"
,1k
,12
,10k
,100k
,1
",",129k
,50k
,50k
,30k
,30k
,30k
,30k
,30k
,50k
,30k
,30k
,30k
,30k
,50k
,50k
,7k
,1000
,3
,45k
,20k
,20k
,20k
,1
,20k
,1
,500
,1
,20k
,40k
,20k
,20k
,230
,20k
.,7k
,3
,3
,20k
,20k
,20k
,20k
,15k
,1
,3
,20k
,135
,1000
,20k
,20k
,20k
,60k
,20k
,20k
,20k
,20k
,20k
,1
,15k
,15k
,50k
,300
,15k
,50k
,15k
,15k
,1
,100k
,100k
,15k
,15k
,100k
,15k
,8k
,31k
,31k
,50k
*,17k
*,17k
,4
,60k
.,50k
,50
.,1.8
,50k
(,30k
(,30k
(,30k
(,30k
,10k
,22
(,30k
(,30k
,3.
,1.16
,55k
,100
,100
,5
,1
,1
,1
,1
,1
,50k
,1
,1100
,1100
,10
,1100
,1100
,64
,1100
,1
,50k
,50k
,1100
,1100
,50k
,50k
,50k
,50k
,50k
,50k
,50k
,1100
,50k
,50
,50
,50
,50
,50
,50k
,1
,1100
,1100
,3
,4
,350
,50k
,1100
,46k
,46k
,500
,46k
,5
,46k
,46k
/,2k
,46k
,1
,3
,75
,75
,1100
,1k
,1100
,1100
,1100
,50k
,1
,1
,1
,75
,75
,1
,10k
,2
,2
,2
,1
,1
,2
,2
,6
,6
,1
,1
,2
,1k
,600
,20k
,1.1k
,"1,2k"
/,25k
,10
/,2
,14
,3
/,25k
,3
,2
/,25k
,400
,1
,39
,2
,10
,25
,1
,1
,1
,1
,1
,80
/,2k
/,25k
,3
,3
/,25k
,2
,2
,2
/,25k
,20
,45k
,150
,150
,45k
/,25k
,1
,110
,150
,150
,150
,1k
,150
,150
/,25k
,1
,19k
,150
,150
,1
,8k
,150
,150
,100k
,100k
,150
,45k
,30k
,100k
,150
,150
,7k
,7k
,50
,40k
,200
,200
,7k
,200
,100
,50
/,25k
,200
,2
,100
,100
,200
,6
,8k
,700
.,8k
"""",...
.,8k
,3
/,25k
.,8k
,3
,"2,5k"
,200
,3
,1
,3
/,2
,200
,100
,2
,1
,6
,200
,"2,5k"
,100
,550
,15k
/,25k
,50
",",6k
/,30k
,50
,7
,350
,20
,9
,50
/,30k
,180
,10k
+,18k
,80
$,1
,9
,8k
,1.16
,1
,9
,8k
,300
,2
,9
/,30k
,50
,4
,24
,40k
/,2k
,50K
,2
,2k
,50
/,30k
,4.1k
,40k
,4.1k
,10
,1
,3
,11k
,50
,6
,30
/,30k
,50
,11
,6
,6
,11
,1
,50
/,30k
,500
,4k
,11
,500
/,30k
,50k
,36
,3
,11
/,2
,"5,"
,2
,2
,2
/,30k
,50
,","
/,2k
,200
,3
/,30k
,50
,50
",",60k
,2
,2
,2
,2
,2
,1
,48
,2
,3
,2
,100
,48
,2
,2
,2
,500
,7
,2
,200
,1k
,2
,100
,200
,2
,5
,2
,2
,48
,10k
,3
,1k
,2
,500
,2
,2
,300
,7
,7
-,30k
,50
/,30k
,60k
,1
,1
,1
,54k
,500
,"19,2k"
,400
,350
,60k
,80
/,3
,3
,500
/,3
/,3
-,1.
,60k
,80
-,1.
,100
,400
,8k
,80
,400
,80
,8k
,1000
,1000
,2
,1000
,1000
,1000
,10k
-,1.
,"19,2k"
,500
,6k
,6k
,1000
,1000
,250
,1
,1k
,400
-,21.167
,4k
,400
,80
,15
,1
,1
,1
,1
,1
,1
,1
,1
,1000
,400
,400
,1000
-,1.
,1000
,1
,45
,1000
,2
,1000
,200k
/,20k
,1000
,5
,1000
,1000
,15
,10k
,10k
,150
,150
,1
,150
,150
,28k
,3
,150
,"1,5k"
,80
,"1,5k"
,38k
,150
-,8k
-,8k
,150
,250
,9k
,9k
,150
,9k
,80
,400
,400
,1
-,"7,5k"
,150
,21
,150
,80
,80
,100
,150
,1000
,1000
,1000
,1000
,1000
,1000
,1000
,150
,3
-,"7,5k"
,1000
,150
,3
/,2K
,150
,500
,500
,1
,150
,150
,80
,15k
,000
,150
,80
,150
,15k
,150
",",2k
,150
,1000
,150
,1000
,150
,150
,80
,1000
,150
,80
,1000
,30k
,150
,30k
,30k
,1000
,150
,3
,1000
,2
,150
,1000
,30k
,150
,1000
,15
,1000
,25k
,100
,150
,150
,150
,500
,1k
,15k
,80
;,2k
,80
,1
,3
,1000
-,700
,150
,150
,170
,2k
,170
,170
",",2
,170
,170
,150
,150
,80
,1000
,1000
,150
,20k
,1000
,1000
,2k
,150
,300
,300
,150
,150
,1
,300
,150
,150
,3
,3
,1000
,150
,80
,3
,150
,80
,150
,150
,3
,150
,150
,150
,800
,150
,800
,150
,800
,800
,150
,800
,800
,150
,150
,4
,4
,4
,150
,4
,4
,3
/,2k
,4
,150
,800
,4
,500
,4
,800
,800
/,"1,7k"
,800
,150
,150
,800
,140k
,4
,800
,800
,4
,4
,4
=,1
,4
,4
,4
,4
,800
,4
,4
,1
,450
,300
,300
,1
,9
,12k
,300
,9
,9
,2
,300
,126
,300
,300
,100
,1k
,1k
,800
,1k
,"7,5k"
,14
,6k
,4
,4
,4
,14
,300
,"7,5k"
,53k
+,85k
+,85k
+,85k
,7k
,3
+,85k
,1.19
,10
,5
,2
,2
,2
,2
,20.000
,2
,400
,5.000
,2
,2
!,90
!,90
!,90
!,90
!,90
!,90
,100
",",6
/,500
/,500
/,500
/,500
,5k
,20k
,5k
,4k
,100
!,90
!,90
!,90
!,90
!,90
,5
!,90
!,90
!,90
!,90
!,90
!,90
!,90
,14k
,82
,14k
,1
,1
,126
,120k
,15k
,100k
",",2k
,8k
,8k
",",20
,20
,80
,80
,3
,20
,2
,25k
,50
,15k
,25k
,25k
,50k
,25k
,50k
,20
,50k
,50k
,38k
,38k
,9k
,"1,1k"
,27
,30k
,30k
,1
,500
,50k
,50k
,9k
,9k
,4
,25k
,25k
,9k
,9k
,10
,1
,9k
,3
,1
,1
,2
,1
,2
,1
,64
,21
,4
,30k
,30k
,4
,10
,9
,56
,9
,56
,8k
,5k
,3
,1.5k
,3
,1k
,1.18
,15
,","
,20k
,20k
,20k
,20k
,20k
,4
,3
,3
,6k
,800
,2
,4
,500
,4
/,"1,5k"
,2
,3
!,90
,100
,7k
!,90
!,90
,1
!,90
,20k
,20k
!,90
,1
,1
,1
!,90
!,90
,275
,1
!,90
,20k
,20k
,20k
!,90
,20k
,20k
,20k
!,90
,30k
!,90
!,90
,20k
,20k
!,90
!,90
,4
,4
.,45k
,2
.,45k
!,90
,15
,7
!,90
,20k
!,90
!,90
!,90
,2
!,90
!,90
,2k
,1300
,1
!,90
!,90
,30
,30
!,90
!,90
!,90
!,90
!,90
!,90
,3
,1
,26
,3
,15k
!,90
,3
,10k
,2k
,200
,3
,3
,35k
!,90
,3
!,90
,20k
,1
!,90
,15k
,1k
,15k
,1
,1
!,90
,1
,20k
,1
,20k
,"17,5k"
,"17,5k"
$,100
,"17,5k"
,1
,"17,5k"
,"3,5k"
,150
,"3,5k"
!,90
,"3,5k"
!,90
,1.
,150
,"3,5k"
,55
!,90
,55
,55
,1k
,1
!,90
",",31k
!,90
!,90
,150
,"3,5k"
,150
!,90
,1
?,2
!,90
,150
,1
,"3,5k"
,"3,5k"
,200k
,"3,5k"
,"3,5k"
!,90
,50
$,3
$,3
,2
,"3,5k"
,2
!,90
,"3,5k"
,"3,5k"
,150
,"3,5k"
,2
,"3,5k"
,"3,5k"
!,90
,2
,2
,2
,2
,"3,5k"
,2
!,90
,2022
,"3,5k"
,"3,5k"
,2
,2
,2
,2
,2
,2
,2
!,90
,2022
,"3,5k"
,"3,5k"
,1k
,2022
,20
$,4
$,4
$,4
,49
$,4
,3
,"2,5"
,3
$,4
$,4
$,4
$,4
$,4
$,4
$,4
$,4
$,4
!,90
$,4
$,4
$,4
$,4
$,4
$,4
,2022
!,90
,2
,2
,3
,2022
,22
!,90
,1
,1
,20k
,2
,3
,20k
!,90
,1
!,90
,3
,3
!,90
,3
,3
,400
,1
,50
!,90
,1000
,3500
!,90
!,90
,1
,3500
,3
!,3500
,3500
,3500
!,3500
,5
,1
,2
,5
,7.650
,7.650
,6k
,100
,15k
,2
,500
!,90
,6k
,1
,6k
!,90
,3
,2
,6k
$,"4,2k"
$,4k
,18k
,15k
,2
,2
,2
,2
,2
!,90
,1
,300
,2
!,90
!,90
,15k
,2
,2
,1.000
),1.000
!,90
,1
!,90
!,90
!,90
,1k
,15k
,100
,100
,100
.,64k
!,90
,180
,180
.,64k
,180
!,90
!,90
,4k
,4k
,80
,4k
,1
,80
$,"4,2k"
,7k
!,90
,15
!,90
!,90
,25
!,90
,25
,...
,25
!,90
,25
,1
,1
,200
,1
!,90
,15k
,1
,15k
,15k
!,90
,600
,1
,10k
!,90
,10k
!,90
,1
,20k
,20k
!,90
,20k
,50
,15k
/,5
,20k
,7k
!,90
,45k
/,"2,5k"
/,"2,5k"
!,90
,300
,50
,20k
,1
!,90
,3
,300
,3
,1
!,90
,50
,3
,18k
,2022
!,90
!,90
,17k
,7
,3
!,90
,2022
!,90
,12k
!,90
!,90
,2022
,10k
,20k
,20k
!,90
!,90
,7
,2022
,9
,1
,1
,9
,2022
,1
,9
,9
/,5
,3
,3
,1
,2000
,3
,1k
,3
,1k
,2000
,2000
,2.160k
,1000
,3
,3
,1000
,3
,3
,1000
,1000
,1000
,1000
,1000
,1000
,1000
,7
,1
,1
,1
,2022
,100
,6
!,90
!,90
,2.160k
!,90
,13k
,150
!,90
,150
,150
,2022
,150
,150
.,20k
,150
,150
!,90
,5
,150
,150
,150
,150
,150
!,90
,150
!,90
,150
,150
,150
,150
,2022
,150
,150
,2.160k
,150
,150
,150
,3
,150
,3
,5
,150
,150
,180
,150
,16k
,150
,150
,150
,150
,150
,150
,.
,12k
.,30
,.
,150
,.
,.
,150
,180
,2.160k
,1
,150
,150
,150
,150
,150
,150
,150
,1
,3
,4
,2022
,180
,4
,1
,1
,1
,4
,1
,150
,150
,4
,1
,1
,3
,1
,180
,80
,1
,2022
,150
,150
,1
,3
,1
,150
,4
,150
,4
,10
,150
,18
/,2
,150
/,2
,150
,150
,150
,150
,150
,1k
,4
,4
,3
/,5
,4
?,500
,23
,4
,4
,4
,4
,6k
,1200
,1200
,60
,1200
,200k
,7k
?,2
,2
,2022
,6k
,48
,48
,48
,2022
,1.
,12
,3
,2
,2
,1.
,1.8
,1.
,15
/,2k
,15
,150
,150
,150
,150
,150
,140k
",",9k
,150
,8k
,150
,8k
,150
+,2200
,150
,1.8
,150
",",900
,300
,68.000
,68.000
,150
,200
,150
,150
,3
,150
,3
,150
,150
,100
,3
,150
,3
,....
,150
,40k
,3
,2
,2
,150
,2
,2
,2
,2
,150
,2
/,2500
,3
",",900
/,2500
/,2022
,3
,3
,3
,3
,4
,3
,3
/,2022
,4
/,2022
,40
",",900
,100
,1.
,3
,1
,3
,1
,3
,3
,3
,3
/,2k
,3
,3
,3
,5
/,2022
,3
,3
,3
,3
,3
,3
/,2022
,3
,3
,14
,12k
,14
,"4,5k"
,1
,2k
,2k
,"1,5k"
",",900
,50
,13k
,1
,12k
,3
,3
,3
/,2022
,12k
/,5
,80
,.
,3
,.
,.
,3
,80
,"2,3k"
,"2,3k"
,1
,3
,3
,100
,100
,100
,8k
,1
,3
",",900
,5
,3
,1
,2
,2
!,90
!,90
!,90
!,90
!,90
,2
,2
,50
,4
,2
",",900
/,2k
,1k
,1
,7
,18k
,18k
,7
,3
,500
,3
,18
,3
/,2k
,3
,1
,3
,3
,2
,4
,3
,1k
,100
,2
,1k
/,2022
,3
/,"2,5k"
/,"2,5k"
/,2k
,1k
/,2k
/,2022
,500
/,2022
,2
,15
,80
,500
,150
,29
,150
/,2022
,20
,20
,15
,20
,8
,20
,8
,180
,5
/,5
,7
,7
,80
/,2022
,33
,7
,3
",",4
,35k
,1
,1
,900
,900
,900
,900
,800
,1
,350
,9
,9
,9
,9
,2.2k
",",1
,9
,13
,100
/,2k
/,2k
,100
,100
/,2k
/,15k
,100
/,14k
,2
,100
,100
/,250
,100
,100
,100
,600
,100
/,5
,100
,100
,500
,100
,100
,100
,100
,100
,2
,100
,100
,100
,100
,500
/,2022
,150
,150
,150
,150
,150
,150
,150
,500
,500
,500
,500
/,1k
/,1k
/,1k
/,500
,64
,4
,4
,18k
,1k
,1k
,3
,1k
,1k
,1
,2k
,1
/,2022
/,2022
,6k
,6k
,6k
,6k
,5.5k
,5.5k
,5.5k
,500
,5.5k
,5
